file,line,type,commit,author,date,time,timezone,datetime,depth,length
style.css,1,css,ab089883,Eric,2026-04-07,17:48:29,-07:00,2026-04-07T17:48:29-07:00,0,15
style.css,2,css,52525c25,Eric,2026-04-16,18:17:50,-07:00,2026-04-16T18:17:50-07:00,0,4
style.css,3,css,52525c25,Eric,2026-04-16,18:17:50,-07:00,2026-04-16T18:17:50-07:00,1,23
style.css,4,css,52525c25,Eric,2026-04-16,18:17:50,-07:00,2026-04-16T18:17:50-07:00,0,0
style.css,5,css,29633972,Eric,2026-04-07,17:56:06,-07:00,2026-04-07T17:56:06-07:00,0,5
style.css,6,css,29633972,Eric,2026-04-07,17:56:06,-07:00,2026-04-07T17:56:06-07:00,1,31
style.css,7,css,29633972,Eric,2026-04-07,17:56:06,-07:00,2026-04-07T17:56:06-07:00,0,0
style.css,8,css,1f07b4bd,Eric,2026-04-02,17:50:15,-07:00,2026-04-02T17:50:15-07:00,0,4
style.css,9,css,1f07b4bd,Eric,2026-04-02,17:50:15,-07:00,2026-04-02T17:50:15-07:00,1,23
style.css,10,css,47f2088a,Eric,2026-04-07,17:00:01,-07:00,2026-04-07T17:00:01-07:00,1,15
style.css,11,css,bdbf933b,Eric,2026-04-07,17:05:03,-07:00,2026-04-07T17:05:03-07:00,1,18
style.css,12,css,47f2088a,Eric,2026-04-07,17:00:01,-07:00,2026-04-07T17:00:01-07:00,1,12
style.css,13,css,29633972,Eric,2026-04-07,17:56:06,-07:00,2026-04-07T17:56:06-07:00,0,0
style.css,14,css,29633972,Eric,2026-04-07,17:56:06,-07:00,2026-04-07T17:56:06-07:00,1,32
style.css,15,css,bc7e4499,Eric,2026-04-17,16:03:48,-07:00,2026-04-17T16:03:48-07:00,1,23
style.css,16,css,bc7e4499,Eric,2026-04-17,16:03:48,-07:00,2026-04-17T16:03:48-07:00,1,16
style.css,17,css,ab089883,Eric,2026-04-07,17:48:29,-07:00,2026-04-07T17:48:29-07:00,0,0
style.css,18,css,ab089883,Eric,2026-04-07,17:48:29,-07:00,2026-04-07T17:48:29-07:00,0,0
style.css,19,css,ab089883,Eric,2026-04-07,17:48:29,-07:00,2026-04-07T17:48:29-07:00,0,18
style.css,20,css,ab089883,Eric,2026-04-07,17:48:29,-07:00,2026-04-07T17:48:29-07:00,0,3
style.css,21,css,52525c25,Eric,2026-04-16,18:17:50,-07:00,2026-04-16T18:17:50-07:00,1,39
style.css,22,css,ab089883,Eric,2026-04-07,17:48:29,-07:00,2026-04-07T17:48:29-07:00,0,0
style.css,23,css,52525c25,Eric,2026-04-16,18:17:50,-07:00,2026-04-16T18:17:50-07:00,1,12
style.css,24,css,ab089883,Eric,2026-04-07,17:48:29,-07:00,2026-04-07T17:48:29-07:00,1,18
style.css,25,css,52525c25,Eric,2026-04-16,18:17:50,-07:00,2026-04-16T18:17:50-07:00,1,43
style.css,26,css,ab089883,Eric,2026-04-07,17:48:29,-07:00,2026-04-07T17:48:29-07:00,0,0
style.css,27,css,ab089883,Eric,2026-04-07,17:48:29,-07:00,2026-04-07T17:48:29-07:00,0,0
style.css,28,css,ab089883,Eric,2026-04-07,17:48:29,-07:00,2026-04-07T17:48:29-07:00,0,15
style.css,29,css,ab089883,Eric,2026-04-07,17:48:29,-07:00,2026-04-07T17:48:29-07:00,0,5
style.css,30,css,ab089883,Eric,2026-04-07,17:48:29,-07:00,2026-04-07T17:48:29-07:00,1,6
style.css,31,css,ab089883,Eric,2026-04-07,17:48:29,-07:00,2026-04-07T17:48:29-07:00,1,17
style.css,32,css,ab089883,Eric,2026-04-07,17:48:29,-07:00,2026-04-07T17:48:29-07:00,0,0
style.css,33,css,ab089883,Eric,2026-04-07,17:48:29,-07:00,2026-04-07T17:48:29-07:00,1,31
style.css,34,css,ab089883,Eric,2026-04-07,17:48:29,-07:00,2026-04-07T17:48:29-07:00,1,20
style.css,35,css,ab089883,Eric,2026-04-07,17:48:29,-07:00,2026-04-07T17:48:29-07:00,1,13
style.css,36,css,ab089883,Eric,2026-04-07,17:48:29,-07:00,2026-04-07T17:48:29-07:00,0,0
style.css,37,css,ab089883,Eric,2026-04-07,17:48:29,-07:00,2026-04-07T17:48:29-07:00,1,11
style.css,38,css,ab089883,Eric,2026-04-07,17:48:29,-07:00,2026-04-07T17:48:29-07:00,1,13
style.css,39,css,ab089883,Eric,2026-04-07,17:48:29,-07:00,2026-04-07T17:48:29-07:00,0,0
style.css,40,css,ab089883,Eric,2026-04-07,17:48:29,-07:00,2026-04-07T17:48:29-07:00,0,0
style.css,41,css,ab089883,Eric,2026-04-07,17:48:29,-07:00,2026-04-07T17:48:29-07:00,0,24
style.css,42,css,ab089883,Eric,2026-04-07,17:48:29,-07:00,2026-04-07T17:48:29-07:00,0,13
style.css,43,css,52525c25,Eric,2026-04-16,18:17:50,-07:00,2026-04-16T18:17:50-07:00,1,45
style.css,44,css,ab089883,Eric,2026-04-07,17:48:29,-07:00,2026-04-07T17:48:29-07:00,1,20
style.css,45,css,29633972,Eric,2026-04-07,17:56:06,-07:00,2026-04-07T17:56:06-07:00,0,0
style.css,46,css,29633972,Eric,2026-04-07,17:56:06,-07:00,2026-04-07T17:56:06-07:00,0,11
style.css,47,css,29633972,Eric,2026-04-07,17:56:06,-07:00,2026-04-07T17:56:06-07:00,1,45
style.css,48,css,29633972,Eric,2026-04-07,17:56:06,-07:00,2026-04-07T17:56:06-07:00,1,20
style.css,49,css,52525c25,Eric,2026-04-16,18:17:50,-07:00,2026-04-16T18:17:50-07:00,1,69
style.css,50,css,f2018bee,Eric,2026-04-07,18:16:50,-07:00,2026-04-07T18:16:50-07:00,0,0
style.css,51,css,ab443ede,Eric,2026-04-10,16:37:50,-07:00,2026-04-10T16:37:50-07:00,0,43
style.css,52,css,8f85699e,Eric,2026-04-10,16:49:49,-07:00,2026-04-10T16:49:49-07:00,0,4
style.css,53,css,8f85699e,Eric,2026-04-10,16:49:49,-07:00,2026-04-10T16:49:49-07:00,1,12
style.css,54,css,8f85699e,Eric,2026-04-10,16:49:49,-07:00,2026-04-10T16:49:49-07:00,1,30
style.css,55,css,8f85699e,Eric,2026-04-10,16:49:49,-07:00,2026-04-10T16:49:49-07:00,1,7
style.css,56,css,ab443ede,Eric,2026-04-10,16:37:50,-07:00,2026-04-10T16:37:50-07:00,0,0
style.css,57,css,ab443ede,Eric,2026-04-10,16:37:50,-07:00,2026-04-10T16:37:50-07:00,0,0
style.css,58,css,8f85699e,Eric,2026-04-10,16:49:49,-07:00,2026-04-10T16:49:49-07:00,0,5
style.css,59,css,8f85699e,Eric,2026-04-10,16:49:49,-07:00,2026-04-10T16:49:49-07:00,1,12
style.css,60,css,8f85699e,Eric,2026-04-10,16:49:49,-07:00,2026-04-10T16:49:49-07:00,1,29
style.css,61,css,8f85699e,Eric,2026-04-10,16:49:49,-07:00,2026-04-10T16:49:49-07:00,1,18
style.css,62,css,ab443ede,Eric,2026-04-10,16:37:50,-07:00,2026-04-10T16:37:50-07:00,0,0
style.css,63,css,ab443ede,Eric,2026-04-10,16:37:50,-07:00,2026-04-10T16:37:50-07:00,0,0
style.css,64,css,8f85699e,Eric,2026-04-10,16:49:49,-07:00,2026-04-10T16:49:49-07:00,0,6
style.css,65,css,8f85699e,Eric,2026-04-10,16:49:49,-07:00,2026-04-10T16:49:49-07:00,1,18
style.css,66,css,8f85699e,Eric,2026-04-10,16:49:49,-07:00,2026-04-10T16:49:49-07:00,0,0
style.css,67,css,8f85699e,Eric,2026-04-10,16:49:49,-07:00,2026-04-10T16:49:49-07:00,0,0
style.css,68,css,8f85699e,Eric,2026-04-10,16:49:49,-07:00,2026-04-10T16:49:49-07:00,0,4
style.css,69,css,8f85699e,Eric,2026-04-10,16:49:49,-07:00,2026-04-10T16:49:49-07:00,0,7
style.css,70,css,52525c25,Eric,2026-04-16,18:17:50,-07:00,2026-04-16T18:17:50-07:00,0,5
style.css,71,css,52525c25,Eric,2026-04-16,18:17:50,-07:00,2026-04-16T18:17:50-07:00,0,6
style.css,72,css,8f85699e,Eric,2026-04-10,16:49:49,-07:00,2026-04-10T16:49:49-07:00,1,12
style.css,73,css,6b04ecfb,Eric,2026-04-10,17:33:39,-07:00,2026-04-10T17:33:39-07:00,0,0
style.css,74,css,6b04ecfb,Eric,2026-04-10,17:33:39,-07:00,2026-04-10T17:33:39-07:00,0,0
style.css,75,css,6b04ecfb,Eric,2026-04-10,17:33:39,-07:00,2026-04-10T17:33:39-07:00,0,2
style.css,76,css,6b04ecfb,Eric,2026-04-10,17:33:39,-07:00,2026-04-10T17:33:39-07:00,1,14
style.css,77,css,6b04ecfb,Eric,2026-04-10,17:33:39,-07:00,2026-04-10T17:33:39-07:00,0,0
style.css,78,css,6b04ecfb,Eric,2026-04-10,17:33:39,-07:00,2026-04-10T17:33:39-07:00,0,0
style.css,79,css,6b04ecfb,Eric,2026-04-10,17:33:39,-07:00,2026-04-10T17:33:39-07:00,0,1
style.css,80,css,6b04ecfb,Eric,2026-04-10,17:33:39,-07:00,2026-04-10T17:33:39-07:00,0,1
style.css,81,css,6b04ecfb,Eric,2026-04-10,17:33:39,-07:00,2026-04-10T17:33:39-07:00,0,1
style.css,82,css,6b04ecfb,Eric,2026-04-10,17:33:39,-07:00,2026-04-10T17:33:39-07:00,0,1
style.css,83,css,6b04ecfb,Eric,2026-04-10,17:33:39,-07:00,2026-04-10T17:33:39-07:00,0,1
style.css,84,css,6b04ecfb,Eric,2026-04-10,17:33:39,-07:00,2026-04-10T17:33:39-07:00,0,2
style.css,85,css,6b04ecfb,Eric,2026-04-10,17:33:39,-07:00,2026-04-10T17:33:39-07:00,1,15
style.css,86,css,6b04ecfb,Eric,2026-04-10,17:33:39,-07:00,2026-04-10T17:33:39-07:00,1,17
style.css,87,css,6b04ecfb,Eric,2026-04-10,17:33:39,-07:00,2026-04-10T17:33:39-07:00,0,0
style.css,88,css,6b04ecfb,Eric,2026-04-10,17:33:39,-07:00,2026-04-10T17:33:39-07:00,0,0
style.css,89,css,74801e16,Eric,2026-04-25,17:57:07,-07:00,2026-04-25T17:57:07-07:00,0,12
style.css,90,css,6b04ecfb,Eric,2026-04-10,17:33:39,-07:00,2026-04-10T17:33:39-07:00,1,12
style.css,91,css,6b04ecfb,Eric,2026-04-10,17:33:39,-07:00,2026-04-10T17:33:39-07:00,1,58
style.css,92,css,6b04ecfb,Eric,2026-04-10,17:33:39,-07:00,2026-04-10T17:33:39-07:00,1,7
style.css,93,css,74801e16,Eric,2026-04-25,17:57:07,-07:00,2026-04-25T17:57:07-07:00,0,2
style.css,94,css,bf6c23c1,Eric,2026-04-25,17:53:39,-07:00,2026-04-25T17:53:39-07:00,0,0
style.css,95,css,6b04ecfb,Eric,2026-04-10,17:33:39,-07:00,2026-04-10T17:33:39-07:00,0,17
style.css,96,css,6b04ecfb,Eric,2026-04-10,17:33:39,-07:00,2026-04-10T17:33:39-07:00,1,12
style.css,97,css,6b04ecfb,Eric,2026-04-10,17:33:39,-07:00,2026-04-10T17:33:39-07:00,1,26
style.css,98,css,6b04ecfb,Eric,2026-04-10,17:33:39,-07:00,2026-04-10T17:33:39-07:00,1,15
style.css,99,css,6b04ecfb,Eric,2026-04-10,17:33:39,-07:00,2026-04-10T17:33:39-07:00,1,9
style.css,100,css,bf6c23c1,Eric,2026-04-25,17:53:39,-07:00,2026-04-25T17:53:39-07:00,0,2
style.css,101,css,74801e16,Eric,2026-04-25,17:57:07,-07:00,2026-04-25T17:57:07-07:00,0,0
style.css,102,css,74801e16,Eric,2026-04-25,17:57:07,-07:00,2026-04-25T17:57:07-07:00,0,20
style.css,103,css,bf6c23c1,Eric,2026-04-25,17:53:39,-07:00,2026-04-25T17:53:39-07:00,1,12
style.css,104,css,bf6c23c1,Eric,2026-04-25,17:53:39,-07:00,2026-04-25T17:53:39-07:00,1,32
style.css,105,css,bf6c23c1,Eric,2026-04-25,17:53:39,-07:00,2026-04-25T17:53:39-07:00,1,9
style.css,106,css,6b04ecfb,Eric,2026-04-10,17:33:39,-07:00,2026-04-10T17:33:39-07:00,0,0
style.css,107,css,6b04ecfb,Eric,2026-04-10,17:33:39,-07:00,2026-04-10T17:33:39-07:00,0,0
style.css,108,css,6b04ecfb,Eric,2026-04-10,17:33:39,-07:00,2026-04-10T17:33:39-07:00,0,12
style.css,109,css,6b04ecfb,Eric,2026-04-10,17:33:39,-07:00,2026-04-10T17:33:39-07:00,1,8
style.css,110,css,bf6c23c1,Eric,2026-04-25,17:53:39,-07:00,2026-04-25T17:53:39-07:00,1,15
style.css,111,css,4b231fdb,Eric,2026-04-10,17:59:50,-07:00,2026-04-10T17:59:50-07:00,0,0
style.css,112,css,4b231fdb,Eric,2026-04-10,17:59:50,-07:00,2026-04-10T17:59:50-07:00,0,0
style.css,113,css,844fef46,Eric,2026-04-25,17:48:11,-07:00,2026-04-25T17:48:11-07:00,0,13
style.css,114,css,844fef46,Eric,2026-04-25,17:48:11,-07:00,2026-04-25T17:48:11-07:00,1,10
style.css,115,css,844fef46,Eric,2026-04-25,17:48:11,-07:00,2026-04-25T17:48:11-07:00,1,12
style.css,116,css,844fef46,Eric,2026-04-25,17:48:11,-07:00,2026-04-25T17:48:11-07:00,1,16
style.css,117,css,bf6c23c1,Eric,2026-04-25,17:53:39,-07:00,2026-04-25T17:53:39-07:00,1,13
style.css,118,css,74801e16,Eric,2026-04-25,17:57:07,-07:00,2026-04-25T17:57:07-07:00,0,2
style.css,119,css,74801e16,Eric,2026-04-25,17:57:07,-07:00,2026-04-25T17:57:07-07:00,0,0
style.css,120,css,74801e16,Eric,2026-04-25,17:57:07,-07:00,2026-04-25T17:57:07-07:00,0,9
style.css,121,css,74801e16,Eric,2026-04-25,17:57:07,-07:00,2026-04-25T17:57:07-07:00,1,12
style.css,122,css,74801e16,Eric,2026-04-25,17:57:07,-07:00,2026-04-25T17:57:07-07:00,1,58
style.css,123,css,74801e16,Eric,2026-04-25,17:57:07,-07:00,2026-04-25T17:57:07-07:00,1,7
style.css,124,css,74801e16,Eric,2026-04-25,17:57:07,-07:00,2026-04-25T17:57:07-07:00,0,0
style.css,125,css,74801e16,Eric,2026-04-25,17:57:07,-07:00,2026-04-25T17:57:07-07:00,0,0
style.css,126,css,74801e16,Eric,2026-04-25,17:57:07,-07:00,2026-04-25T17:57:07-07:00,0,17
style.css,127,css,74801e16,Eric,2026-04-25,17:57:07,-07:00,2026-04-25T17:57:07-07:00,1,13
style.css,128,css,74801e16,Eric,2026-04-25,17:57:07,-07:00,2026-04-25T17:57:07-07:00,1,15
style.css,129,css,74801e16,Eric,2026-04-25,17:57:07,-07:00,2026-04-25T17:57:07-07:00,0,0
style.css,130,css,74801e16,Eric,2026-04-25,17:57:07,-07:00,2026-04-25T17:57:07-07:00,0,0
style.css,131,css,74801e16,Eric,2026-04-25,17:57:07,-07:00,2026-04-25T17:57:07-07:00,0,20
style.css,132,css,74801e16,Eric,2026-04-25,17:57:07,-07:00,2026-04-25T17:57:07-07:00,1,16
style.css,133,css,74801e16,Eric,2026-04-25,17:57:07,-07:00,2026-04-25T17:57:07-07:00,1,16
style.css,134,css,74801e16,Eric,2026-04-25,17:57:07,-07:00,2026-04-25T17:57:07-07:00,1,15
style.css,135,css,74801e16,Eric,2026-04-25,17:57:07,-07:00,2026-04-25T17:57:07-07:00,0,0
style.css,136,css,74801e16,Eric,2026-04-25,17:57:07,-07:00,2026-04-25T17:57:07-07:00,0,0
style.css,137,css,74801e16,Eric,2026-04-25,17:57:07,-07:00,2026-04-25T17:57:07-07:00,0,21
style.css,138,css,74801e16,Eric,2026-04-25,17:57:07,-07:00,2026-04-25T17:57:07-07:00,1,10
style.css,139,css,74801e16,Eric,2026-04-25,17:57:07,-07:00,2026-04-25T17:57:07-07:00,1,12
style.css,140,css,74801e16,Eric,2026-04-25,17:57:07,-07:00,2026-04-25T17:57:07-07:00,1,16
style.css,141,css,74801e16,Eric,2026-04-25,17:57:07,-07:00,2026-04-25T17:57:07-07:00,1,13
style.css,142,css,74801e16,Eric,2026-04-25,17:57:07,-07:00,2026-04-25T17:57:07-07:00,1,20
style.css,143,css,74801e16,Eric,2026-04-25,17:57:07,-07:00,2026-04-25T17:57:07-07:00,0,0
style.css,144,css,74801e16,Eric,2026-04-25,17:57:07,-07:00,2026-04-25T17:57:07-07:00,0,0
style.css,145,css,74801e16,Eric,2026-04-25,17:57:07,-07:00,2026-04-25T17:57:07-07:00,0,19
style.css,146,css,74801e16,Eric,2026-04-25,17:57:07,-07:00,2026-04-25T17:57:07-07:00,1,8
style.css,147,css,74801e16,Eric,2026-04-25,17:57:07,-07:00,2026-04-25T17:57:07-07:00,1,15
style.css,148,css,844fef46,Eric,2026-04-25,17:48:11,-07:00,2026-04-25T17:48:11-07:00,0,0
style.css,149,css,844fef46,Eric,2026-04-25,17:48:11,-07:00,2026-04-25T17:48:11-07:00,0,0
style.css,150,css,4b231fdb,Eric,2026-04-10,17:59:50,-07:00,2026-04-10T17:59:50-07:00,0,2
style.css,151,css,4b231fdb,Eric,2026-04-10,17:59:50,-07:00,2026-04-10T17:59:50-07:00,1,20
style.css,152,css,4b231fdb,Eric,2026-04-10,17:59:50,-07:00,2026-04-10T17:59:50-07:00,0,0
style.css,153,css,4b231fdb,Eric,2026-04-10,17:59:50,-07:00,2026-04-10T17:59:50-07:00,0,0
style.css,154,css,4b231fdb,Eric,2026-04-10,17:59:50,-07:00,2026-04-10T17:59:50-07:00,0,6
style.css,155,css,4b231fdb,Eric,2026-04-10,17:59:50,-07:00,2026-04-10T17:59:50-07:00,1,12
style.css,156,css,4b231fdb,Eric,2026-04-10,17:59:50,-07:00,2026-04-10T17:59:50-07:00,1,20
style.css,157,css,4b231fdb,Eric,2026-04-10,17:59:50,-07:00,2026-04-10T17:59:50-07:00,0,0
style.css,158,css,4b231fdb,Eric,2026-04-10,17:59:50,-07:00,2026-04-10T17:59:50-07:00,0,0
style.css,159,css,4b231fdb,Eric,2026-04-10,17:59:50,-07:00,2026-04-10T17:59:50-07:00,0,7
style.css,160,css,bc7e4499,Eric,2026-04-17,16:03:48,-07:00,2026-04-17T16:03:48-07:00,1,63
style.css,161,css,be1a704f,Eric,2026-04-17,15:57:40,-07:00,2026-04-17T15:57:40-07:00,1,16
style.css,162,css,bc7e4499,Eric,2026-04-17,16:03:48,-07:00,2026-04-17T16:03:48-07:00,1,41
style.css,163,css,4b231fdb,Eric,2026-04-10,17:59:50,-07:00,2026-04-10T17:59:50-07:00,1,18
style.css,164,css,4b231fdb,Eric,2026-04-10,17:59:50,-07:00,2026-04-10T17:59:50-07:00,1,15
style.css,165,css,4b231fdb,Eric,2026-04-10,17:59:50,-07:00,2026-04-10T17:59:50-07:00,1,20
style.css,166,css,bc7e4499,Eric,2026-04-17,16:03:48,-07:00,2026-04-17T16:03:48-07:00,0,0
style.css,167,css,bc7e4499,Eric,2026-04-17,16:03:48,-07:00,2026-04-17T16:03:48-07:00,0,0
style.css,168,css,4b231fdb,Eric,2026-04-10,17:59:50,-07:00,2026-04-10T17:59:50-07:00,0,19
style.css,169,css,4b231fdb,Eric,2026-04-10,17:59:50,-07:00,2026-04-10T17:59:50-07:00,1,20
style.css,170,css,4b231fdb,Eric,2026-04-10,17:59:50,-07:00,2026-04-10T17:59:50-07:00,1,22
style.css,171,css,4b231fdb,Eric,2026-04-10,17:59:50,-07:00,2026-04-10T17:59:50-07:00,1,41
style.css,172,css,4b231fdb,Eric,2026-04-10,17:59:50,-07:00,2026-04-10T17:59:50-07:00,1,25
style.css,173,css,4b231fdb,Eric,2026-04-10,17:59:50,-07:00,2026-04-10T17:59:50-07:00,0,0
style.css,174,css,4b231fdb,Eric,2026-04-10,17:59:50,-07:00,2026-04-10T17:59:50-07:00,0,0
style.css,175,css,4b231fdb,Eric,2026-04-10,17:59:50,-07:00,2026-04-10T17:59:50-07:00,0,7
style.css,176,css,4b231fdb,Eric,2026-04-10,17:59:50,-07:00,2026-04-10T17:59:50-07:00,1,21
style.css,177,css,4b231fdb,Eric,2026-04-10,17:59:50,-07:00,2026-04-10T17:59:50-07:00,0,0
style.css,178,css,4b231fdb,Eric,2026-04-10,17:59:50,-07:00,2026-04-10T17:59:50-07:00,0,0
style.css,179,css,4b231fdb,Eric,2026-04-10,17:59:50,-07:00,2026-04-10T17:59:50-07:00,0,17
style.css,180,css,4b231fdb,Eric,2026-04-10,17:59:50,-07:00,2026-04-10T17:59:50-07:00,1,38
style.css,181,css,4b231fdb,Eric,2026-04-10,17:59:50,-07:00,2026-04-10T17:59:50-07:00,0,0
style.css,182,css,4b231fdb,Eric,2026-04-10,17:59:50,-07:00,2026-04-10T17:59:50-07:00,0,0
style.css,183,css,4b231fdb,Eric,2026-04-10,17:59:50,-07:00,2026-04-10T17:59:50-07:00,0,10
style.css,184,css,4b231fdb,Eric,2026-04-10,17:59:50,-07:00,2026-04-10T17:59:50-07:00,1,8
style.css,185,css,4b231fdb,Eric,2026-04-10,17:59:50,-07:00,2026-04-10T17:59:50-07:00,0,0
style.css,186,css,4b231fdb,Eric,2026-04-10,17:59:50,-07:00,2026-04-10T17:59:50-07:00,0,0
style.css,187,css,4b231fdb,Eric,2026-04-10,17:59:50,-07:00,2026-04-10T17:59:50-07:00,0,9
style.css,188,css,4b231fdb,Eric,2026-04-10,17:59:50,-07:00,2026-04-10T17:59:50-07:00,1,15
style.css,189,css,4b231fdb,Eric,2026-04-10,17:59:50,-07:00,2026-04-10T17:59:50-07:00,0,0
style.css,190,css,4b231fdb,Eric,2026-04-10,17:59:50,-07:00,2026-04-10T17:59:50-07:00,0,0
style.css,191,css,4b231fdb,Eric,2026-04-10,17:59:50,-07:00,2026-04-10T17:59:50-07:00,0,2
style.css,192,css,4b231fdb,Eric,2026-04-10,17:59:50,-07:00,2026-04-10T17:59:50-07:00,1,17
style.css,193,css,4b231fdb,Eric,2026-04-10,17:59:50,-07:00,2026-04-10T17:59:50-07:00,0,0
style.css,194,css,4b231fdb,Eric,2026-04-10,17:59:50,-07:00,2026-04-10T17:59:50-07:00,0,0
style.css,195,css,4b231fdb,Eric,2026-04-10,17:59:50,-07:00,2026-04-10T17:59:50-07:00,0,2
style.css,196,css,4b231fdb,Eric,2026-04-10,17:59:50,-07:00,2026-04-10T17:59:50-07:00,1,20
style.css,197,css,4b231fdb,Eric,2026-04-10,17:59:50,-07:00,2026-04-10T17:59:50-07:00,0,0
style.css,198,css,4b231fdb,Eric,2026-04-10,17:59:50,-07:00,2026-04-10T17:59:50-07:00,0,0
style.css,199,css,4b231fdb,Eric,2026-04-10,17:59:50,-07:00,2026-04-10T17:59:50-07:00,0,4
style.css,200,css,4b231fdb,Eric,2026-04-10,17:59:50,-07:00,2026-04-10T17:59:50-07:00,1,23
style.css,201,css,4b231fdb,Eric,2026-04-10,17:59:50,-07:00,2026-04-10T17:59:50-07:00,1,15
style.css,202,css,4b231fdb,Eric,2026-04-10,17:59:50,-07:00,2026-04-10T17:59:50-07:00,0,0
style.css,203,css,4b231fdb,Eric,2026-04-10,17:59:50,-07:00,2026-04-10T17:59:50-07:00,0,0
style.css,204,css,4b231fdb,Eric,2026-04-10,17:59:50,-07:00,2026-04-10T17:59:50-07:00,0,21
style.css,205,css,4b231fdb,Eric,2026-04-10,17:59:50,-07:00,2026-04-10T17:59:50-07:00,1,25
style.css,206,css,52525c25,Eric,2026-04-16,18:17:50,-07:00,2026-04-16T18:17:50-07:00,0,0
style.css,207,css,52525c25,Eric,2026-04-16,18:17:50,-07:00,2026-04-16T18:17:50-07:00,0,13
style.css,208,css,52525c25,Eric,2026-04-16,18:17:50,-07:00,2026-04-16T18:17:50-07:00,1,17
style.css,209,css,52525c25,Eric,2026-04-16,18:17:50,-07:00,2026-04-16T18:17:50-07:00,1,8
style.css,210,css,52525c25,Eric,2026-04-16,18:17:50,-07:00,2026-04-16T18:17:50-07:00,1,10
style.css,211,css,52525c25,Eric,2026-04-16,18:17:50,-07:00,2026-04-16T18:17:50-07:00,1,13
style.css,212,css,52525c25,Eric,2026-04-16,18:17:50,-07:00,2026-04-16T18:17:50-07:00,0,0
style.css,213,css,52525c25,Eric,2026-04-16,18:17:50,-07:00,2026-04-16T18:17:50-07:00,0,0
style.css,214,css,52525c25,Eric,2026-04-16,18:17:50,-07:00,2026-04-16T18:17:50-07:00,0,20
style.css,215,css,52525c25,Eric,2026-04-16,18:17:50,-07:00,2026-04-16T18:17:50-07:00,1,18
style.css,216,css,8c808667,Eric,2026-04-30,16:47:35,-07:00,2026-04-30T16:47:35-07:00,0,0
style.css,217,css,8c808667,Eric,2026-04-30,16:47:35,-07:00,2026-04-30T16:47:35-07:00,0,0
style.css,218,css,8c808667,Eric,2026-04-30,16:47:35,-07:00,2026-04-30T16:47:35-07:00,0,13
style.css,219,css,8c808667,Eric,2026-04-30,16:47:35,-07:00,2026-04-30T16:47:35-07:00,1,30
style.css,220,css,8c808667,Eric,2026-04-30,16:47:35,-07:00,2026-04-30T16:47:35-07:00,1,34
style.css,221,css,8c808667,Eric,2026-04-30,16:47:35,-07:00,2026-04-30T16:47:35-07:00,1,10
style.css,222,css,8c808667,Eric,2026-04-30,16:47:35,-07:00,2026-04-30T16:47:35-07:00,1,16
style.css,223,css,818672a9,Eric,2026-04-30,16:53:47,-07:00,2026-04-30T16:53:47-07:00,0,0
style.css,224,css,818672a9,Eric,2026-04-30,16:53:47,-07:00,2026-04-30T16:53:47-07:00,0,0
style.css,225,css,e1d9f1fb,Eric,2026-05-02,13:22:56,-07:00,2026-05-02T13:22:56-07:00,0,18
style.css,226,css,734233ac,Eric,2026-05-02,13:25:25,-07:00,2026-05-02T13:25:25-07:00,1,10
style.css,227,css,818672a9,Eric,2026-04-30,16:53:47,-07:00,2026-04-30T16:53:47-07:00,1,14
style.css,228,css,734233ac,Eric,2026-05-02,13:25:25,-07:00,2026-05-02T13:25:25-07:00,1,13
style.css,229,css,818672a9,Eric,2026-04-30,16:53:47,-07:00,2026-04-30T16:53:47-07:00,1,16
style.css,230,css,de8940ea,Eric,2026-05-02,13:05:59,-07:00,2026-05-02T13:05:59-07:00,1,16
style.css,231,css,7037d313,Eric,2026-05-02,13:49:17,-07:00,2026-05-02T13:49:17-07:00,0,0
style.css,232,css,7037d313,Eric,2026-05-02,13:49:17,-07:00,2026-05-02T13:49:17-07:00,0,0
style.css,233,css,7037d313,Eric,2026-05-02,13:49:17,-07:00,2026-05-02T13:49:17-07:00,0,7
style.css,234,css,9c7915b9,Eric,2026-05-02,13:55:54,-07:00,2026-05-02T13:55:54-07:00,1,6
style.css,235,css,7037d313,Eric,2026-05-02,13:49:17,-07:00,2026-05-02T13:49:17-07:00,1,12
style.css,236,css,7037d313,Eric,2026-05-02,13:49:17,-07:00,2026-05-02T13:49:17-07:00,1,57
style.css,237,css,7037d313,Eric,2026-05-02,13:49:17,-07:00,2026-05-02T13:49:17-07:00,1,7
style.css,238,css,7037d313,Eric,2026-05-02,13:49:17,-07:00,2026-05-02T13:49:17-07:00,1,11
style.css,239,css,7037d313,Eric,2026-05-02,13:49:17,-07:00,2026-05-02T13:49:17-07:00,1,20
style.css,240,css,7037d313,Eric,2026-05-02,13:49:17,-07:00,2026-05-02T13:49:17-07:00,1,60
style.css,241,css,7037d313,Eric,2026-05-02,13:49:17,-07:00,2026-05-02T13:49:17-07:00,1,15
style.css,242,css,7037d313,Eric,2026-05-02,13:49:17,-07:00,2026-05-02T13:49:17-07:00,0,0
style.css,243,css,7037d313,Eric,2026-05-02,13:49:17,-07:00,2026-05-02T13:49:17-07:00,0,0
style.css,244,css,7037d313,Eric,2026-05-02,13:49:17,-07:00,2026-05-02T13:49:17-07:00,0,12
style.css,245,css,7037d313,Eric,2026-05-02,13:49:17,-07:00,2026-05-02T13:49:17-07:00,1,12
style.css,246,css,7037d313,Eric,2026-05-02,13:49:17,-07:00,2026-05-02T13:49:17-07:00,1,18
style.css,247,css,7037d313,Eric,2026-05-02,13:49:17,-07:00,2026-05-02T13:49:17-07:00,1,9
style.css,248,css,7037d313,Eric,2026-05-02,13:49:17,-07:00,2026-05-02T13:49:17-07:00,0,0
style.css,249,css,7037d313,Eric,2026-05-02,13:49:17,-07:00,2026-05-02T13:49:17-07:00,0,0
style.css,250,css,7037d313,Eric,2026-05-02,13:49:17,-07:00,2026-05-02T13:49:17-07:00,0,7
style.css,251,css,7037d313,Eric,2026-05-02,13:49:17,-07:00,2026-05-02T13:49:17-07:00,1,9
style.css,252,css,7037d313,Eric,2026-05-02,13:49:17,-07:00,2026-05-02T13:49:17-07:00,1,18
style.css,253,css,7037d313,Eric,2026-05-02,13:49:17,-07:00,2026-05-02T13:49:17-07:00,1,20
style.css,254,css,7037d313,Eric,2026-05-02,13:49:17,-07:00,2026-05-02T13:49:17-07:00,1,23
style.css,255,css,7037d313,Eric,2026-05-02,13:49:17,-07:00,2026-05-02T13:49:17-07:00,1,17
style.css,256,css,9c7915b9,Eric,2026-05-02,13:55:54,-07:00,2026-05-02T13:55:54-07:00,0,0
style.css,257,css,9c7915b9,Eric,2026-05-02,13:55:54,-07:00,2026-05-02T13:55:54-07:00,0,0
style.css,258,css,9c7915b9,Eric,2026-05-02,13:55:54,-07:00,2026-05-02T13:55:54-07:00,0,10
style.css,259,css,9c7915b9,Eric,2026-05-02,13:55:54,-07:00,2026-05-02T13:55:54-07:00,1,12
style.css,260,css,9c7915b9,Eric,2026-05-02,13:55:54,-07:00,2026-05-02T13:55:54-07:00,1,18
style.css,261,css,9c7915b9,Eric,2026-05-02,13:55:54,-07:00,2026-05-02T13:55:54-07:00,1,7
style.css,262,css,9c7915b9,Eric,2026-05-02,13:55:54,-07:00,2026-05-02T13:55:54-07:00,1,16
style.css,263,css,f62243e0,Eric,2026-05-02,16:10:32,-07:00,2026-05-02T16:10:32-07:00,0,0
style.css,264,css,f62243e0,Eric,2026-05-02,16:10:32,-07:00,2026-05-02T16:10:32-07:00,0,0
style.css,265,css,f62243e0,Eric,2026-05-02,16:10:32,-07:00,2026-05-02T16:10:32-07:00,0,10
style.css,266,css,f62243e0,Eric,2026-05-02,16:10:32,-07:00,2026-05-02T16:10:32-07:00,1,10
style.css,267,css,f62243e0,Eric,2026-05-02,16:10:32,-07:00,2026-05-02T16:10:32-07:00,1,12
style.css,268,css,f62243e0,Eric,2026-05-02,16:10:32,-07:00,2026-05-02T16:10:32-07:00,1,18
style.css,269,css,f62243e0,Eric,2026-05-02,16:10:32,-07:00,2026-05-02T16:10:32-07:00,1,22
style.css,270,css,f62243e0,Eric,2026-05-02,16:10:32,-07:00,2026-05-02T16:10:32-07:00,1,34
style.css,271,css,f62243e0,Eric,2026-05-02,16:10:32,-07:00,2026-05-02T16:10:32-07:00,1,19
style.css,272,css,f62243e0,Eric,2026-05-02,16:10:32,-07:00,2026-05-02T16:10:32-07:00,0,0
style.css,273,css,f62243e0,Eric,2026-05-02,16:10:32,-07:00,2026-05-02T16:10:32-07:00,0,0
style.css,274,css,b7f17030,Eric,2026-05-02,16:43:38,-07:00,2026-05-02T16:43:38-07:00,0,23
style.css,275,css,65e49256,Eric,2026-05-02,16:53:27,-07:00,2026-05-02T16:53:27-07:00,1,14
style.css,276,css,b7f17030,Eric,2026-05-02,16:43:38,-07:00,2026-05-02T16:43:38-07:00,1,16
style.css,277,css,b7f17030,Eric,2026-05-02,16:43:38,-07:00,2026-05-02T16:43:38-07:00,0,0
style.css,278,css,b7f17030,Eric,2026-05-02,16:43:38,-07:00,2026-05-02T16:43:38-07:00,0,0
style.css,279,css,b7f17030,Eric,2026-05-02,16:43:38,-07:00,2026-05-02T16:43:38-07:00,0,51
style.css,280,css,b7f17030,Eric,2026-05-02,16:43:38,-07:00,2026-05-02T16:43:38-07:00,1,11
style.css,281,css,65e49256,Eric,2026-05-02,16:53:27,-07:00,2026-05-02T16:53:27-07:00,0,0
style.css,282,css,65e49256,Eric,2026-05-02,16:53:27,-07:00,2026-05-02T16:53:27-07:00,0,0
style.css,283,css,65e49256,Eric,2026-05-02,16:53:27,-07:00,2026-05-02T16:53:27-07:00,0,9
style.css,284,css,65e49256,Eric,2026-05-02,16:53:27,-07:00,2026-05-02T16:53:27-07:00,1,35
style.css,285,css,65e49256,Eric,2026-05-02,16:53:27,-07:00,2026-05-02T16:53:27-07:00,0,0
style.css,286,css,65e49256,Eric,2026-05-02,16:53:27,-07:00,2026-05-02T16:53:27-07:00,0,0
style.css,287,css,65e49256,Eric,2026-05-02,16:53:27,-07:00,2026-05-02T16:53:27-07:00,0,18
style.css,288,css,65e49256,Eric,2026-05-02,16:53:27,-07:00,2026-05-02T16:53:27-07:00,1,17
style.css,289,css,b7f17030,Eric,2026-05-02,16:43:38,-07:00,2026-05-02T16:43:38-07:00,0,0
index.js,1,js,9e2a9769,Eric,2026-04-25,17:37:11,-07:00,2026-04-25T17:37:11-07:00,0,71
index.js,2,js,65eee552,Eric,2026-04-25,14:09:24,-07:00,2026-04-25T14:09:24-07:00,0,54
index.js,3,js,84c62b3f,Eric,2026-05-02,17:39:47,-07:00,2026-05-02T17:39:47-07:00,0,61
index.js,4,js,84c62b3f,Eric,2026-05-02,17:39:47,-07:00,2026-05-02T17:39:47-07:00,1,9
index.js,5,js,84c62b3f,Eric,2026-05-02,17:39:47,-07:00,2026-05-02T17:39:47-07:00,1,51
index.js,6,js,84c62b3f,Eric,2026-05-02,17:39:47,-07:00,2026-05-02T17:39:47-07:00,0,2
index.js,7,js,65eee552,Eric,2026-04-25,14:09:24,-07:00,2026-04-25T14:09:24-07:00,0,60
index.js,8,js,bc71fa3e,Eric,2026-04-25,14:45:05,-07:00,2026-04-25T14:45:05-07:00,0,54
index.js,9,js,e2c76f7c,Eric,2026-04-25,17:45:28,-07:00,2026-04-25T17:45:28-07:00,0,55
index.js,10,js,bc71fa3e,Eric,2026-04-25,14:45:05,-07:00,2026-04-25T14:45:05-07:00,0,60
index.js,11,js,bc71fa3e,Eric,2026-04-25,14:45:05,-07:00,2026-04-25T14:45:05-07:00,0,17
index.js,12,js,bc71fa3e,Eric,2026-04-25,14:45:05,-07:00,2026-04-25T14:45:05-07:00,1,24
index.js,13,js,bc71fa3e,Eric,2026-04-25,14:45:05,-07:00,2026-04-25T14:45:05-07:00,4,2
index.js,14,js,bc71fa3e,Eric,2026-04-25,14:45:05,-07:00,2026-04-25T14:45:05-07:00,5,55
index.js,15,js,bc71fa3e,Eric,2026-04-25,14:45:05,-07:00,2026-04-25T14:45:05-07:00,5,55
index.js,16,js,bc71fa3e,Eric,2026-04-25,14:45:05,-07:00,2026-04-25T14:45:05-07:00,5,49
index.js,17,js,bc71fa3e,Eric,2026-04-25,14:45:05,-07:00,2026-04-25T14:45:05-07:00,5,49
index.js,18,js,bc71fa3e,Eric,2026-04-25,14:45:05,-07:00,2026-04-25T14:45:05-07:00,4,3
index.js,19,js,bc71fa3e,Eric,2026-04-25,14:45:05,-07:00,2026-04-25T14:45:05-07:00,2,0
index.js,20,js,bc71fa3e,Eric,2026-04-25,14:45:05,-07:00,2026-04-25T14:45:05-07:00,0,0
index.html,1,html,d037af28,Eric,2026-04-02,17:00:44,-07:00,2026-04-02T17:00:44-07:00,0,13
index.html,2,html,d037af28,Eric,2026-04-02,17:00:44,-07:00,2026-04-02T17:00:44-07:00,0,14
index.html,3,html,d037af28,Eric,2026-04-02,17:00:44,-07:00,2026-04-02T17:00:44-07:00,0,4
index.html,4,html,d037af28,Eric,2026-04-02,17:00:44,-07:00,2026-04-02T17:00:44-07:00,2,20
index.html,5,html,d037af28,Eric,2026-04-02,17:00:44,-07:00,2026-04-02T17:00:44-07:00,2,68
index.html,6,html,d037af28,Eric,2026-04-02,17:00:44,-07:00,2026-04-02T17:00:44-07:00,2,50
index.html,7,html,cd676677,Eric,2026-04-03,15:08:20,-07:00,2026-04-03T15:08:20-07:00,2,38
index.html,8,html,d037af28,Eric,2026-04-02,17:00:44,-07:00,2026-04-02T17:00:44-07:00,0,5
index.html,9,html,d037af28,Eric,2026-04-02,17:00:44,-07:00,2026-04-02T17:00:44-07:00,0,4
index.html,10,html,d037af28,Eric,2026-04-02,17:00:44,-07:00,2026-04-02T17:00:44-07:00,2,15
index.html,11,html,ec9abd00,Eric,2026-04-02,18:01:17,-07:00,2026-04-02T18:01:17-07:00,2,52
index.html,12,html,1f07b4bd,Eric,2026-04-02,17:50:15,-07:00,2026-04-02T17:50:15-07:00,2,74
index.html,13,html,65eee552,Eric,2026-04-25,14:09:24,-07:00,2026-04-25T14:09:24-07:00,2,22
index.html,14,html,65eee552,Eric,2026-04-25,14:09:24,-07:00,2026-04-25T14:09:24-07:00,2,26
index.html,15,html,bc71fa3e,Eric,2026-04-25,14:45:05,-07:00,2026-04-25T14:45:05-07:00,2,19
index.html,16,html,bc71fa3e,Eric,2026-04-25,14:45:05,-07:00,2026-04-25T14:45:05-07:00,2,28
index.html,17,html,fb4dc41e,Eric,2026-04-25,17:19:49,-07:00,2026-04-25T17:19:49-07:00,2,47
index.html,18,html,65eee552,Eric,2026-04-25,14:09:24,-07:00,2026-04-25T14:09:24-07:00,2,50
index.html,19,html,d037af28,Eric,2026-04-02,17:00:44,-07:00,2026-04-02T17:00:44-07:00,0,5
index.html,20,html,d037af28,Eric,2026-04-02,17:00:44,-07:00,2026-04-02T17:00:44-07:00,0,5
global.js,1,js,3f55b428,Eric,2026-04-16,17:20:03,-07:00,2026-04-16T17:20:03-07:00,0,25
global.js,2,js,3f55b428,Eric,2026-04-16,17:20:03,-07:00,2026-04-16T17:20:03-07:00,0,0
global.js,3,js,3f55b428,Eric,2026-04-16,17:20:03,-07:00,2026-04-16T17:20:03-07:00,0,41
global.js,4,js,3f55b428,Eric,2026-04-16,17:20:03,-07:00,2026-04-16T17:20:03-07:00,1,52
global.js,5,js,49ecd6a9,Eric,2026-04-16,17:53:20,-07:00,2026-04-16T17:53:20-07:00,0,0
global.js,6,js,3aca000f,Eric,2026-04-16,18:03:05,-07:00,2026-04-16T18:03:05-07:00,0,28
global.js,7,js,49ecd6a9,Eric,2026-04-16,17:53:20,-07:00,2026-04-16T17:53:20-07:00,0,0
global.js,8,js,3aca000f,Eric,2026-04-16,18:03:05,-07:00,2026-04-16T18:03:05-07:00,0,40
global.js,9,js,3aca000f,Eric,2026-04-16,18:03:05,-07:00,2026-04-16T18:03:05-07:00,0,33
global.js,10,js,3aca000f,Eric,2026-04-16,18:03:05,-07:00,2026-04-16T18:03:05-07:00,0,70
global.js,11,js,3aca000f,Eric,2026-04-16,18:03:05,-07:00,2026-04-16T18:03:05-07:00,0,3
global.js,12,js,49ecd6a9,Eric,2026-04-16,17:53:20,-07:00,2026-04-16T17:53:20-07:00,0,0
global.js,13,js,3aca000f,Eric,2026-04-16,18:03:05,-07:00,2026-04-16T18:03:05-07:00,0,34
global.js,14,js,3aca000f,Eric,2026-04-16,18:03:05,-07:00,2026-04-16T18:03:05-07:00,0,39
global.js,15,js,3aca000f,Eric,2026-04-16,18:03:05,-07:00,2026-04-16T18:03:05-07:00,0,0
global.js,16,js,3aca000f,Eric,2026-04-16,18:03:05,-07:00,2026-04-16T18:03:05-07:00,0,15
global.js,17,js,3aca000f,Eric,2026-04-16,18:03:05,-07:00,2026-04-16T18:03:05-07:00,1,68
global.js,18,js,3aca000f,Eric,2026-04-16,18:03:05,-07:00,2026-04-16T18:03:05-07:00,2,3
global.js,19,js,c7a85363,Eric,2026-04-23,16:22:20,-07:00,2026-04-23T16:22:20-07:00,2,20
global.js,20,js,3aca000f,Eric,2026-04-16,18:03:05,-07:00,2026-04-16T18:03:05-07:00,0,0
global.js,21,js,3aca000f,Eric,2026-04-16,18:03:05,-07:00,2026-04-16T18:03:05-07:00,0,11
global.js,22,js,3aca000f,Eric,2026-04-16,18:03:05,-07:00,2026-04-16T18:03:05-07:00,1,25
global.js,23,js,3aca000f,Eric,2026-04-16,18:03:05,-07:00,2026-04-16T18:03:05-07:00,1,38
global.js,24,js,3aca000f,Eric,2026-04-16,18:03:05,-07:00,2026-04-16T18:03:05-07:00,1,36
global.js,25,js,3aca000f,Eric,2026-04-16,18:03:05,-07:00,2026-04-16T18:03:05-07:00,1,34
global.js,26,js,3aca000f,Eric,2026-04-16,18:03:05,-07:00,2026-04-16T18:03:05-07:00,1,58
global.js,27,js,765b0289,Eric,2026-05-07,14:04:50,-07:00,2026-05-07T14:04:50-07:00,1,30
global.js,28,js,3aca000f,Eric,2026-04-16,18:03:05,-07:00,2026-04-16T18:03:05-07:00,0,0
global.js,29,js,3aca000f,Eric,2026-04-16,18:03:05,-07:00,2026-04-16T18:03:05-07:00,0,0
global.js,30,js,52525c25,Eric,2026-04-16,18:17:50,-07:00,2026-04-16T18:17:50-07:00,0,31
global.js,31,js,52525c25,Eric,2026-04-16,18:17:50,-07:00,2026-04-16T18:17:50-07:00,1,11
global.js,32,js,52525c25,Eric,2026-04-16,18:17:50,-07:00,2026-04-16T18:17:50-07:00,1,0
global.js,33,js,52525c25,Eric,2026-04-16,18:17:50,-07:00,2026-04-16T18:17:50-07:00,2,26
global.js,34,js,52525c25,Eric,2026-04-16,18:17:50,-07:00,2026-04-16T18:17:50-07:00,3,4
global.js,35,js,52525c25,Eric,2026-04-16,18:17:50,-07:00,2026-04-16T18:17:50-07:00,3,6
global.js,36,js,52525c25,Eric,2026-04-16,18:17:50,-07:00,2026-04-16T18:17:50-07:00,4,43
global.js,37,js,52525c25,Eric,2026-04-16,18:17:50,-07:00,2026-04-16T18:17:50-07:00,4,34
global.js,38,js,52525c25,Eric,2026-04-16,18:17:50,-07:00,2026-04-16T18:17:50-07:00,4,32
global.js,39,js,52525c25,Eric,2026-04-16,18:17:50,-07:00,2026-04-16T18:17:50-07:00,3,7
global.js,40,js,52525c25,Eric,2026-04-16,18:17:50,-07:00,2026-04-16T18:17:50-07:00,2,6
global.js,41,js,52525c25,Eric,2026-04-16,18:17:50,-07:00,2026-04-16T18:17:50-07:00,1,0
global.js,42,js,52525c25,Eric,2026-04-16,18:17:50,-07:00,2026-04-16T18:17:50-07:00,0,0
global.js,43,js,52525c25,Eric,2026-04-16,18:17:50,-07:00,2026-04-16T18:17:50-07:00,0,0
global.js,44,js,52525c25,Eric,2026-04-16,18:17:50,-07:00,2026-04-16T18:17:50-07:00,0,58
global.js,45,js,52525c25,Eric,2026-04-16,18:17:50,-07:00,2026-04-16T18:17:50-07:00,0,0
global.js,46,js,52525c25,Eric,2026-04-16,18:17:50,-07:00,2026-04-16T18:17:50-07:00,0,36
global.js,47,js,52525c25,Eric,2026-04-16,18:17:50,-07:00,2026-04-16T18:17:50-07:00,1,70
global.js,48,js,52525c25,Eric,2026-04-16,18:17:50,-07:00,2026-04-16T18:17:50-07:00,1,25
global.js,49,js,52525c25,Eric,2026-04-16,18:17:50,-07:00,2026-04-16T18:17:50-07:00,1,37
global.js,50,js,52525c25,Eric,2026-04-16,18:17:50,-07:00,2026-04-16T18:17:50-07:00,0,0
global.js,51,js,52525c25,Eric,2026-04-16,18:17:50,-07:00,2026-04-16T18:17:50-07:00,0,0
global.js,52,js,52525c25,Eric,2026-04-16,18:17:50,-07:00,2026-04-16T18:17:50-07:00,0,49
global.js,53,js,52525c25,Eric,2026-04-16,18:17:50,-07:00,2026-04-16T18:17:50-07:00,1,33
global.js,54,js,52525c25,Eric,2026-04-16,18:17:50,-07:00,2026-04-16T18:17:50-07:00,0,1
global.js,55,js,52525c25,Eric,2026-04-16,18:17:50,-07:00,2026-04-16T18:17:50-07:00,0,0
global.js,56,js,52525c25,Eric,2026-04-16,18:17:50,-07:00,2026-04-16T18:17:50-07:00,0,34
global.js,57,js,52525c25,Eric,2026-04-16,18:17:50,-07:00,2026-04-16T18:17:50-07:00,1,39
global.js,58,js,52525c25,Eric,2026-04-16,18:17:50,-07:00,2026-04-16T18:17:50-07:00,0,0
global.js,59,js,52525c25,Eric,2026-04-16,18:17:50,-07:00,2026-04-16T18:17:50-07:00,0,0
global.js,60,js,3aca000f,Eric,2026-04-16,18:03:05,-07:00,2026-04-16T18:03:05-07:00,0,38
global.js,61,js,3aca000f,Eric,2026-04-16,18:03:05,-07:00,2026-04-16T18:03:05-07:00,0,25
global.js,62,js,3aca000f,Eric,2026-04-16,18:03:05,-07:00,2026-04-16T18:03:05-07:00,0,0
global.js,63,js,3aca000f,Eric,2026-04-16,18:03:05,-07:00,2026-04-16T18:03:05-07:00,0,20
global.js,64,js,3aca000f,Eric,2026-04-16,18:03:05,-07:00,2026-04-16T18:03:05-07:00,1,14
global.js,65,js,3aca000f,Eric,2026-04-16,18:03:05,-07:00,2026-04-16T18:03:05-07:00,1,18
global.js,66,js,3aca000f,Eric,2026-04-16,18:03:05,-07:00,2026-04-16T18:03:05-07:00,0,0
global.js,67,js,3aca000f,Eric,2026-04-16,18:03:05,-07:00,2026-04-16T18:03:05-07:00,1,52
global.js,68,js,3aca000f,Eric,2026-04-16,18:03:05,-07:00,2026-04-16T18:03:05-07:00,0,0
global.js,69,js,3aca000f,Eric,2026-04-16,18:03:05,-07:00,2026-04-16T18:03:05-07:00,1,34
global.js,70,js,3aca000f,Eric,2026-04-16,18:03:05,-07:00,2026-04-16T18:03:05-07:00,1,11
global.js,71,js,3aca000f,Eric,2026-04-16,18:03:05,-07:00,2026-04-16T18:03:05-07:00,1,20
global.js,72,js,3aca000f,Eric,2026-04-16,18:03:05,-07:00,2026-04-16T18:03:05-07:00,0,0
global.js,73,js,3aca000f,Eric,2026-04-16,18:03:05,-07:00,2026-04-16T18:03:05-07:00,1,17
global.js,74,js,3aca000f,Eric,2026-04-16,18:03:05,-07:00,2026-04-16T18:03:05-07:00,2,8
global.js,75,js,3aca000f,Eric,2026-04-16,18:03:05,-07:00,2026-04-16T18:03:05-07:00,2,59
global.js,76,js,3aca000f,Eric,2026-04-16,18:03:05,-07:00,2026-04-16T18:03:05-07:00,1,0
global.js,77,js,3aca000f,Eric,2026-04-16,18:03:05,-07:00,2026-04-16T18:03:05-07:00,0,0
global.js,78,js,3aca000f,Eric,2026-04-16,18:03:05,-07:00,2026-04-16T18:03:05-07:00,1,52
global.js,79,js,3aca000f,Eric,2026-04-16,18:03:05,-07:00,2026-04-16T18:03:05-07:00,1,29
global.js,80,js,3aca000f,Eric,2026-04-16,18:03:05,-07:00,2026-04-16T18:03:05-07:00,2,28
global.js,81,js,3aca000f,Eric,2026-04-16,18:03:05,-07:00,2026-04-16T18:03:05-07:00,1,0
global.js,82,js,3aca000f,Eric,2026-04-16,18:03:05,-07:00,2026-04-16T18:03:05-07:00,0,0
global.js,83,js,3aca000f,Eric,2026-04-16,18:03:05,-07:00,2026-04-16T18:03:05-07:00,1,12
global.js,84,js,3aca000f,Eric,2026-04-16,18:03:05,-07:00,2026-04-16T18:03:05-07:00,0,0
global.js,85,js,7c0be49c,Eric,2026-04-23,16:44:11,-07:00,2026-04-23T16:44:11-07:00,0,0
global.js,86,js,7c0be49c,Eric,2026-04-23,16:44:11,-07:00,2026-04-23T16:44:11-07:00,0,36
global.js,87,js,7c0be49c,Eric,2026-04-23,16:44:11,-07:00,2026-04-23T16:44:11-07:00,1,3
global.js,88,js,7c0be49c,Eric,2026-04-23,16:44:11,-07:00,2026-04-23T16:44:11-07:00,2,39
global.js,89,js,7c0be49c,Eric,2026-04-23,16:44:11,-07:00,2026-04-23T16:44:11-07:00,2,32
global.js,90,js,0e0fa370,Eric,2026-04-25,13:38:01,-07:00,2026-04-25T13:38:01-07:00,2,17
global.js,91,js,0e0fa370,Eric,2026-04-25,13:38:01,-07:00,2026-04-25T13:38:01-07:00,1,66
global.js,92,js,0e0fa370,Eric,2026-04-25,13:38:01,-07:00,2026-04-25T13:38:01-07:00,2,0
global.js,93,js,0e0fa370,Eric,2026-04-25,13:38:01,-07:00,2026-04-25T13:38:01-07:00,2,33
global.js,94,js,0e0fa370,Eric,2026-04-25,13:38:01,-07:00,2026-04-25T13:38:01-07:00,0,10
global.js,95,js,7c0be49c,Eric,2026-04-23,16:44:11,-07:00,2026-04-23T16:44:11-07:00,1,15
global.js,96,js,7c0be49c,Eric,2026-04-23,16:44:11,-07:00,2026-04-23T16:44:11-07:00,2,59
global.js,97,js,7c0be49c,Eric,2026-04-23,16:44:11,-07:00,2026-04-23T16:44:11-07:00,1,0
global.js,98,js,0e0fa370,Eric,2026-04-25,13:38:01,-07:00,2026-04-25T13:38:01-07:00,0,0
global.js,99,js,0e0fa370,Eric,2026-04-25,13:38:01,-07:00,2026-04-25T13:38:01-07:00,0,0
global.js,100,js,0e0fa370,Eric,2026-04-25,13:38:01,-07:00,2026-04-25T13:38:01-07:00,0,81
global.js,101,js,0e0fa370,Eric,2026-04-25,13:38:01,-07:00,2026-04-25T13:38:01-07:00,0,35
global.js,102,js,0e0fa370,Eric,2026-04-25,13:38:01,-07:00,2026-04-25T13:38:01-07:00,0,53
global.js,103,js,0e0fa370,Eric,2026-04-25,13:38:01,-07:00,2026-04-25T13:38:01-07:00,0,24
global.js,104,js,0e0fa370,Eric,2026-04-25,13:38:01,-07:00,2026-04-25T13:38:01-07:00,0,30
global.js,105,js,0e0fa370,Eric,2026-04-25,13:38:01,-07:00,2026-04-25T13:38:01-07:00,0,56
global.js,106,js,0e0fa370,Eric,2026-04-25,13:38:01,-07:00,2026-04-25T13:38:01-07:00,0,34
global.js,107,js,0e0fa370,Eric,2026-04-25,13:38:01,-07:00,2026-04-25T13:38:01-07:00,0,3
global.js,108,js,0e0fa370,Eric,2026-04-25,13:38:01,-07:00,2026-04-25T13:38:01-07:00,0,39
global.js,109,js,0e0fa370,Eric,2026-04-25,13:38:01,-07:00,2026-04-25T13:38:01-07:00,0,2
global.js,110,js,8c808667,Eric,2026-04-30,16:47:35,-07:00,2026-04-30T16:47:35-07:00,0,0
global.js,111,js,8c808667,Eric,2026-04-30,16:47:35,-07:00,2026-04-30T16:47:35-07:00,0,82
global.js,112,js,8c808667,Eric,2026-04-30,16:47:35,-07:00,2026-04-30T16:47:35-07:00,0,35
global.js,113,js,8c808667,Eric,2026-04-30,16:47:35,-07:00,2026-04-30T16:47:35-07:00,0,0
global.js,114,js,8c808667,Eric,2026-04-30,16:47:35,-07:00,2026-04-30T16:47:35-07:00,0,32
global.js,115,js,8c808667,Eric,2026-04-30,16:47:35,-07:00,2026-04-30T16:47:35-07:00,0,55
global.js,116,js,8c808667,Eric,2026-04-30,16:47:35,-07:00,2026-04-30T16:47:35-07:00,0,0
global.js,117,js,8c808667,Eric,2026-04-30,16:47:35,-07:00,2026-04-30T16:47:35-07:00,0,26
global.js,118,js,8c808667,Eric,2026-04-30,16:47:35,-07:00,2026-04-30T16:47:35-07:00,0,58
global.js,119,js,8c808667,Eric,2026-04-30,16:47:35,-07:00,2026-04-30T16:47:35-07:00,0,58
global.js,120,js,8c808667,Eric,2026-04-30,16:47:35,-07:00,2026-04-30T16:47:35-07:00,0,36
global.js,121,js,8c808667,Eric,2026-04-30,16:47:35,-07:00,2026-04-30T16:47:35-07:00,0,7
global.js,122,js,8c808667,Eric,2026-04-30,16:47:35,-07:00,2026-04-30T16:47:35-07:00,0,0
global.js,123,js,8c808667,Eric,2026-04-30,16:47:35,-07:00,2026-04-30T16:47:35-07:00,0,43
global.js,124,js,8c808667,Eric,2026-04-30,16:47:35,-07:00,2026-04-30T16:47:35-07:00,0,6
global.js,125,js,8c808667,Eric,2026-04-30,16:47:35,-07:00,2026-04-30T16:47:35-07:00,0,2
global.js,126,js,8c808667,Eric,2026-04-30,16:47:35,-07:00,2026-04-30T16:47:35-07:00,0,0
global.js,127,js,0e0fa370,Eric,2026-04-25,13:38:01,-07:00,2026-04-25T13:38:01-07:00,0,79
global.js,128,js,0e0fa370,Eric,2026-04-25,13:38:01,-07:00,2026-04-25T13:38:01-07:00,1,30
global.js,129,js,0e0fa370,Eric,2026-04-25,13:38:01,-07:00,2026-04-25T13:38:01-07:00,0,0
global.js,130,js,0e0fa370,Eric,2026-04-25,13:38:01,-07:00,2026-04-25T13:38:01-07:00,1,27
global.js,131,js,0e0fa370,Eric,2026-04-25,13:38:01,-07:00,2026-04-25T13:38:01-07:00,2,48
global.js,132,js,0e0fa370,Eric,2026-04-25,13:38:01,-07:00,2026-04-25T13:38:01-07:00,0,0
global.js,133,js,0e0fa370,Eric,2026-04-25,13:38:01,-07:00,2026-04-25T13:38:01-07:00,2,19
global.js,134,js,0e0fa370,Eric,2026-04-25,13:38:01,-07:00,2026-04-25T13:38:01-07:00,3,49
global.js,135,js,0e0fa370,Eric,2026-04-25,13:38:01,-07:00,2026-04-25T13:38:01-07:00,3,49
global.js,136,js,8c808667,Eric,2026-04-30,16:47:35,-07:00,2026-04-30T16:47:35-07:00,3,3
global.js,137,js,8c808667,Eric,2026-04-30,16:47:35,-07:00,2026-04-30T16:47:35-07:00,4,27
global.js,138,js,8c808667,Eric,2026-04-30,16:47:35,-07:00,2026-04-30T16:47:35-07:00,4,41
global.js,139,js,8c808667,Eric,2026-04-30,16:47:35,-07:00,2026-04-30T16:47:35-07:00,3,4
global.js,140,js,0e0fa370,Eric,2026-04-25,13:38:01,-07:00,2026-04-25T13:38:01-07:00,2,0
global.js,141,js,0e0fa370,Eric,2026-04-25,13:38:01,-07:00,2026-04-25T13:38:01-07:00,0,0
global.js,142,js,0e0fa370,Eric,2026-04-25,13:38:01,-07:00,2026-04-25T13:38:01-07:00,2,36
global.js,143,js,0e0fa370,Eric,2026-04-25,13:38:01,-07:00,2026-04-25T13:38:01-07:00,1,1
global.js,144,js,bc71fa3e,Eric,2026-04-25,14:45:05,-07:00,2026-04-25T14:45:05-07:00,0,0
global.js,145,js,bc71fa3e,Eric,2026-04-25,14:45:05,-07:00,2026-04-25T14:45:05-07:00,0,0
global.js,146,js,bc71fa3e,Eric,2026-04-25,14:45:05,-07:00,2026-04-25T14:45:05-07:00,0,47
global.js,147,js,bc71fa3e,Eric,2026-04-25,14:45:05,-07:00,2026-04-25T14:45:05-07:00,1,59
global.js,148,js,bc71fa3e,Eric,2026-04-25,14:45:05,-07:00,2026-04-25T14:45:05-07:00,0,0
resume/index.html,1,html,6d2d397a,Eric,2026-04-03,15:35:05,-07:00,2026-04-03T15:35:05-07:00,0,13
resume/index.html,2,html,6d2d397a,Eric,2026-04-03,15:35:05,-07:00,2026-04-03T15:35:05-07:00,0,4
resume/index.html,3,html,6d2d397a,Eric,2026-04-03,15:35:05,-07:00,2026-04-03T15:35:05-07:00,0,4
resume/index.html,4,html,6d2d397a,Eric,2026-04-03,15:35:05,-07:00,2026-04-03T15:35:05-07:00,1,19
resume/index.html,5,html,6d2d397a,Eric,2026-04-03,15:35:05,-07:00,2026-04-03T15:35:05-07:00,1,41
resume/index.html,6,html,6d2d397a,Eric,2026-04-03,15:35:05,-07:00,2026-04-03T15:35:05-07:00,0,5
resume/index.html,7,html,6d2d397a,Eric,2026-04-03,15:35:05,-07:00,2026-04-03T15:35:05-07:00,0,4
resume/index.html,8,html,6d2d397a,Eric,2026-04-03,15:35:05,-07:00,2026-04-03T15:35:05-07:00,0,0
resume/index.html,9,html,6d2d397a,Eric,2026-04-03,15:35:05,-07:00,2026-04-03T15:35:05-07:00,1,15
resume/index.html,10,html,6d2d397a,Eric,2026-04-03,15:35:05,-07:00,2026-04-03T15:35:05-07:00,1,46
resume/index.html,11,html,6d2d397a,Eric,2026-04-03,15:35:05,-07:00,2026-04-03T15:35:05-07:00,0,0
resume/index.html,12,html,6d2d397a,Eric,2026-04-03,15:35:05,-07:00,2026-04-03T15:35:05-07:00,1,16
resume/index.html,13,html,6d2d397a,Eric,2026-04-03,15:35:05,-07:00,2026-04-03T15:35:05-07:00,1,7
resume/index.html,14,html,6d2d397a,Eric,2026-04-03,15:35:05,-07:00,2026-04-03T15:35:05-07:00,2,6
resume/index.html,15,html,6d2d397a,Eric,2026-04-03,15:35:05,-07:00,2026-04-03T15:35:05-07:00,3,16
resume/index.html,16,html,6d2d397a,Eric,2026-04-03,15:35:05,-07:00,2026-04-03T15:35:05-07:00,2,7
resume/index.html,17,html,6d2d397a,Eric,2026-04-03,15:35:05,-07:00,2026-04-03T15:35:05-07:00,0,0
resume/index.html,18,html,6d2d397a,Eric,2026-04-03,15:35:05,-07:00,2026-04-03T15:35:05-07:00,2,7
resume/index.html,19,html,6d2d397a,Eric,2026-04-03,15:35:05,-07:00,2026-04-03T15:35:05-07:00,3,42
resume/index.html,20,html,6d2d397a,Eric,2026-04-03,15:35:05,-07:00,2026-04-03T15:35:05-07:00,3,25
resume/index.html,21,html,6d2d397a,Eric,2026-04-03,15:35:05,-07:00,2026-04-03T15:35:05-07:00,3,1
resume/index.html,22,html,6d2d397a,Eric,2026-04-03,15:35:05,-07:00,2026-04-03T15:35:05-07:00,4,18
resume/index.html,23,html,6d2d397a,Eric,2026-04-03,15:35:05,-07:00,2026-04-03T15:35:05-07:00,4,39
resume/index.html,24,html,6d2d397a,Eric,2026-04-03,15:35:05,-07:00,2026-04-03T15:35:05-07:00,3,2
resume/index.html,25,html,6d2d397a,Eric,2026-04-03,15:35:05,-07:00,2026-04-03T15:35:05-07:00,3,19
resume/index.html,26,html,6d2d397a,Eric,2026-04-03,15:35:05,-07:00,2026-04-03T15:35:05-07:00,2,8
resume/index.html,27,html,6d2d397a,Eric,2026-04-03,15:35:05,-07:00,2026-04-03T15:35:05-07:00,1,8
resume/index.html,28,html,6d2d397a,Eric,2026-04-03,15:35:05,-07:00,2026-04-03T15:35:05-07:00,0,0
resume/index.html,29,html,6d2d397a,Eric,2026-04-03,15:35:05,-07:00,2026-04-03T15:35:05-07:00,1,17
resume/index.html,30,html,6d2d397a,Eric,2026-04-03,15:35:05,-07:00,2026-04-03T15:35:05-07:00,1,7
resume/index.html,31,html,6d2d397a,Eric,2026-04-03,15:35:05,-07:00,2026-04-03T15:35:05-07:00,2,6
resume/index.html,32,html,6d2d397a,Eric,2026-04-03,15:35:05,-07:00,2026-04-03T15:35:05-07:00,3,17
resume/index.html,33,html,6d2d397a,Eric,2026-04-03,15:35:05,-07:00,2026-04-03T15:35:05-07:00,2,7
resume/index.html,34,html,6d2d397a,Eric,2026-04-03,15:35:05,-07:00,2026-04-03T15:35:05-07:00,0,0
resume/index.html,35,html,6d2d397a,Eric,2026-04-03,15:35:05,-07:00,2026-04-03T15:35:05-07:00,2,7
resume/index.html,36,html,6d2d397a,Eric,2026-04-03,15:35:05,-07:00,2026-04-03T15:35:05-07:00,3,42
resume/index.html,37,html,6d2d397a,Eric,2026-04-03,15:35:05,-07:00,2026-04-03T15:35:05-07:00,3,1
resume/index.html,38,html,6d2d397a,Eric,2026-04-03,15:35:05,-07:00,2026-04-03T15:35:05-07:00,4,41
resume/index.html,39,html,6d2d397a,Eric,2026-04-03,15:35:05,-07:00,2026-04-03T15:35:05-07:00,3,2
resume/index.html,40,html,6d2d397a,Eric,2026-04-03,15:35:05,-07:00,2026-04-03T15:35:05-07:00,3,2
resume/index.html,41,html,6d2d397a,Eric,2026-04-03,15:35:05,-07:00,2026-04-03T15:35:05-07:00,4,72
resume/index.html,42,html,6d2d397a,Eric,2026-04-03,15:35:05,-07:00,2026-04-03T15:35:05-07:00,4,53
resume/index.html,43,html,6d2d397a,Eric,2026-04-03,15:35:05,-07:00,2026-04-03T15:35:05-07:00,3,3
resume/index.html,44,html,6d2d397a,Eric,2026-04-03,15:35:05,-07:00,2026-04-03T15:35:05-07:00,2,8
resume/index.html,45,html,6d2d397a,Eric,2026-04-03,15:35:05,-07:00,2026-04-03T15:35:05-07:00,1,8
resume/index.html,46,html,6d2d397a,Eric,2026-04-03,15:35:05,-07:00,2026-04-03T15:35:05-07:00,0,0
resume/index.html,47,html,6d2d397a,Eric,2026-04-03,15:35:05,-07:00,2026-04-03T15:35:05-07:00,1,15
resume/index.html,48,html,6d2d397a,Eric,2026-04-03,15:35:05,-07:00,2026-04-03T15:35:05-07:00,1,7
resume/index.html,49,html,6d2d397a,Eric,2026-04-03,15:35:05,-07:00,2026-04-03T15:35:05-07:00,2,6
resume/index.html,50,html,6d2d397a,Eric,2026-04-03,15:35:05,-07:00,2026-04-03T15:35:05-07:00,3,15
resume/index.html,51,html,6d2d397a,Eric,2026-04-03,15:35:05,-07:00,2026-04-03T15:35:05-07:00,2,7
resume/index.html,52,html,6d2d397a,Eric,2026-04-03,15:35:05,-07:00,2026-04-03T15:35:05-07:00,0,0
resume/index.html,53,html,6d2d397a,Eric,2026-04-03,15:35:05,-07:00,2026-04-03T15:35:05-07:00,2,7
resume/index.html,54,html,6d2d397a,Eric,2026-04-03,15:35:05,-07:00,2026-04-03T15:35:05-07:00,3,39
resume/index.html,55,html,6d2d397a,Eric,2026-04-03,15:35:05,-07:00,2026-04-03T15:35:05-07:00,3,35
resume/index.html,56,html,6d2d397a,Eric,2026-04-03,15:35:05,-07:00,2026-04-03T15:35:05-07:00,3,2
resume/index.html,57,html,6d2d397a,Eric,2026-04-03,15:35:05,-07:00,2026-04-03T15:35:05-07:00,4,60
resume/index.html,58,html,6d2d397a,Eric,2026-04-03,15:35:05,-07:00,2026-04-03T15:35:05-07:00,4,52
resume/index.html,59,html,6d2d397a,Eric,2026-04-03,15:35:05,-07:00,2026-04-03T15:35:05-07:00,4,34
resume/index.html,60,html,6d2d397a,Eric,2026-04-03,15:35:05,-07:00,2026-04-03T15:35:05-07:00,3,3
resume/index.html,61,html,6d2d397a,Eric,2026-04-03,15:35:05,-07:00,2026-04-03T15:35:05-07:00,2,8
resume/index.html,62,html,6d2d397a,Eric,2026-04-03,15:35:05,-07:00,2026-04-03T15:35:05-07:00,0,0
resume/index.html,63,html,6d2d397a,Eric,2026-04-03,15:35:05,-07:00,2026-04-03T15:35:05-07:00,2,7
resume/index.html,64,html,6d2d397a,Eric,2026-04-03,15:35:05,-07:00,2026-04-03T15:35:05-07:00,3,30
resume/index.html,65,html,6d2d397a,Eric,2026-04-03,15:35:05,-07:00,2026-04-03T15:35:05-07:00,3,43
resume/index.html,66,html,6d2d397a,Eric,2026-04-03,15:35:05,-07:00,2026-04-03T15:35:05-07:00,3,2
resume/index.html,67,html,6d2d397a,Eric,2026-04-03,15:35:05,-07:00,2026-04-03T15:35:05-07:00,4,59
resume/index.html,68,html,6d2d397a,Eric,2026-04-03,15:35:05,-07:00,2026-04-03T15:35:05-07:00,4,43
resume/index.html,69,html,6d2d397a,Eric,2026-04-03,15:35:05,-07:00,2026-04-03T15:35:05-07:00,3,3
resume/index.html,70,html,6d2d397a,Eric,2026-04-03,15:35:05,-07:00,2026-04-03T15:35:05-07:00,2,8
resume/index.html,71,html,6d2d397a,Eric,2026-04-03,15:35:05,-07:00,2026-04-03T15:35:05-07:00,0,0
resume/index.html,72,html,6d2d397a,Eric,2026-04-03,15:35:05,-07:00,2026-04-03T15:35:05-07:00,2,7
resume/index.html,73,html,6d2d397a,Eric,2026-04-03,15:35:05,-07:00,2026-04-03T15:35:05-07:00,3,22
resume/index.html,74,html,6d2d397a,Eric,2026-04-03,15:35:05,-07:00,2026-04-03T15:35:05-07:00,3,2
resume/index.html,75,html,6d2d397a,Eric,2026-04-03,15:35:05,-07:00,2026-04-03T15:35:05-07:00,4,44
resume/index.html,76,html,6d2d397a,Eric,2026-04-03,15:35:05,-07:00,2026-04-03T15:35:05-07:00,3,3
resume/index.html,77,html,6d2d397a,Eric,2026-04-03,15:35:05,-07:00,2026-04-03T15:35:05-07:00,2,8
resume/index.html,78,html,6d2d397a,Eric,2026-04-03,15:35:05,-07:00,2026-04-03T15:35:05-07:00,1,8
resume/index.html,79,html,6d2d397a,Eric,2026-04-03,15:35:05,-07:00,2026-04-03T15:35:05-07:00,0,0
resume/index.html,80,html,6d2d397a,Eric,2026-04-03,15:35:05,-07:00,2026-04-03T15:35:05-07:00,1,13
resume/index.html,81,html,6d2d397a,Eric,2026-04-03,15:35:05,-07:00,2026-04-03T15:35:05-07:00,1,7
resume/index.html,82,html,6d2d397a,Eric,2026-04-03,15:35:05,-07:00,2026-04-03T15:35:05-07:00,2,6
resume/index.html,83,html,6d2d397a,Eric,2026-04-03,15:35:05,-07:00,2026-04-03T15:35:05-07:00,3,23
resume/index.html,84,html,6d2d397a,Eric,2026-04-03,15:35:05,-07:00,2026-04-03T15:35:05-07:00,2,7
resume/index.html,85,html,6d2d397a,Eric,2026-04-03,15:35:05,-07:00,2026-04-03T15:35:05-07:00,0,0
resume/index.html,86,html,6d2d397a,Eric,2026-04-03,15:35:05,-07:00,2026-04-03T15:35:05-07:00,2,2
resume/index.html,87,html,6d2d397a,Eric,2026-04-03,15:35:05,-07:00,2026-04-03T15:35:05-07:00,3,35
resume/index.html,88,html,6d2d397a,Eric,2026-04-03,15:35:05,-07:00,2026-04-03T15:35:05-07:00,3,53
resume/index.html,89,html,6d2d397a,Eric,2026-04-03,15:35:05,-07:00,2026-04-03T15:35:05-07:00,3,63
resume/index.html,90,html,6d2d397a,Eric,2026-04-03,15:35:05,-07:00,2026-04-03T15:35:05-07:00,2,3
resume/index.html,91,html,6d2d397a,Eric,2026-04-03,15:35:05,-07:00,2026-04-03T15:35:05-07:00,1,8
resume/index.html,92,html,46e54619,Eric,2026-04-16,17:29:45,-07:00,2026-04-16T17:29:45-07:00,0,48
resume/index.html,93,html,6d2d397a,Eric,2026-04-03,15:35:05,-07:00,2026-04-03T15:35:05-07:00,0,5
resume/index.html,94,html,6d2d397a,Eric,2026-04-03,15:35:05,-07:00,2026-04-03T15:35:05-07:00,0,5
projects/projects.js,1,js,02ce61f6,Eric,2026-05-02,13:15:14,-07:00,2026-05-02T13:15:14-07:00,0,63
projects/projects.js,2,js,02ce61f6,Eric,2026-05-02,13:15:14,-07:00,2026-05-02T13:15:14-07:00,0,0
projects/projects.js,3,js,0e0fa370,Eric,2026-04-25,13:38:01,-07:00,2026-04-25T13:38:01-07:00,0,55
projects/projects.js,4,js,0e0fa370,Eric,2026-04-25,13:38:01,-07:00,2026-04-25T13:38:01-07:00,0,0
projects/projects.js,5,js,0e0fa370,Eric,2026-04-25,13:38:01,-07:00,2026-04-25T13:38:01-07:00,0,55
projects/projects.js,6,js,0e0fa370,Eric,2026-04-25,13:38:01,-07:00,2026-04-25T13:38:01-07:00,0,0
projects/projects.js,7,js,0e0fa370,Eric,2026-04-25,13:38:01,-07:00,2026-04-25T13:38:01-07:00,0,60
projects/projects.js,8,js,4095c1c2,Eric,2026-04-25,13:46:35,-07:00,2026-04-25T13:46:35-07:00,0,62
projects/projects.js,9,js,3ccb7840,Eric,2026-05-02,17:51:19,-07:00,2026-05-02T17:51:19-07:00,0,55
projects/projects.js,10,js,4095c1c2,Eric,2026-04-25,13:46:35,-07:00,2026-04-25T13:46:35-07:00,0,0
projects/projects.js,11,js,e45207f3,Eric,2026-05-02,15:56:36,-07:00,2026-05-02T15:56:36-07:00,0,13
projects/projects.js,12,js,3ccb7840,Eric,2026-05-02,17:51:19,-07:00,2026-05-02T17:51:19-07:00,0,22
projects/projects.js,13,js,e45207f3,Eric,2026-05-02,15:56:36,-07:00,2026-05-02T15:56:36-07:00,0,0
projects/projects.js,14,js,3ccb7840,Eric,2026-05-02,17:51:19,-07:00,2026-05-02T17:51:19-07:00,0,25
projects/projects.js,15,js,3ccb7840,Eric,2026-05-02,17:51:19,-07:00,2026-05-02T17:51:19-07:00,1,51
projects/projects.js,16,js,3ccb7840,Eric,2026-05-02,17:51:19,-07:00,2026-05-02T17:51:19-07:00,2,59
projects/projects.js,17,js,65e49256,Eric,2026-05-02,16:53:27,-07:00,2026-05-02T16:53:27-07:00,0,0
projects/projects.js,18,js,3ccb7840,Eric,2026-05-02,17:51:19,-07:00,2026-05-02T17:51:19-07:00,2,55
projects/projects.js,19,js,3ccb7840,Eric,2026-05-02,17:51:19,-07:00,2026-05-02T17:51:19-07:00,2,71
projects/projects.js,20,js,3ccb7840,Eric,2026-05-02,17:51:19,-07:00,2026-05-02T17:51:19-07:00,0,0
projects/projects.js,21,js,3ccb7840,Eric,2026-05-02,17:51:19,-07:00,2026-05-02T17:51:19-07:00,2,34
projects/projects.js,22,js,3ccb7840,Eric,2026-05-02,17:51:19,-07:00,2026-05-02T17:51:19-07:00,1,1
projects/projects.js,23,js,3ccb7840,Eric,2026-05-02,17:51:19,-07:00,2026-05-02T17:51:19-07:00,0,0
projects/projects.js,24,js,3ccb7840,Eric,2026-05-02,17:51:19,-07:00,2026-05-02T17:51:19-07:00,1,56
projects/projects.js,25,js,3ccb7840,Eric,2026-05-02,17:51:19,-07:00,2026-05-02T17:51:19-07:00,1,66
projects/projects.js,26,js,3ccb7840,Eric,2026-05-02,17:51:19,-07:00,2026-05-02T17:51:19-07:00,0,0
projects/projects.js,27,js,3ccb7840,Eric,2026-05-02,17:51:19,-07:00,2026-05-02T17:51:19-07:00,1,31
projects/projects.js,28,js,3ccb7840,Eric,2026-05-02,17:51:19,-07:00,2026-05-02T17:51:19-07:00,0,0
projects/projects.js,29,js,02ce61f6,Eric,2026-05-02,13:15:14,-07:00,2026-05-02T13:15:14-07:00,0,0
projects/projects.js,30,js,f93e996c,Eric,2026-05-02,16:31:41,-07:00,2026-05-02T16:31:41-07:00,0,38
projects/projects.js,31,js,f93e996c,Eric,2026-05-02,16:31:41,-07:00,2026-05-02T16:31:41-07:00,1,26
projects/projects.js,32,js,f93e996c,Eric,2026-05-02,16:31:41,-07:00,2026-05-02T16:31:41-07:00,2,12
projects/projects.js,33,js,f93e996c,Eric,2026-05-02,16:31:41,-07:00,2026-05-02T16:31:41-07:00,2,14
projects/projects.js,34,js,f93e996c,Eric,2026-05-02,16:31:41,-07:00,2026-05-02T16:31:41-07:00,2,12
projects/projects.js,35,js,f93e996c,Eric,2026-05-02,16:31:41,-07:00,2026-05-02T16:31:41-07:00,1,0
projects/projects.js,36,js,f93e996c,Eric,2026-05-02,16:31:41,-07:00,2026-05-02T16:31:41-07:00,0,0
projects/projects.js,37,js,f93e996c,Eric,2026-05-02,16:31:41,-07:00,2026-05-02T16:31:41-07:00,1,44
projects/projects.js,38,js,f93e996c,Eric,2026-05-02,16:31:41,-07:00,2026-05-02T16:31:41-07:00,2,35
projects/projects.js,39,js,2d81db97,Eric,2026-05-02,16:01:44,-07:00,2026-05-02T16:01:44-07:00,1,1
projects/projects.js,40,js,e45207f3,Eric,2026-05-02,15:56:36,-07:00,2026-05-02T15:56:36-07:00,0,0
projects/projects.js,41,js,f93e996c,Eric,2026-05-02,16:31:41,-07:00,2026-05-02T16:31:41-07:00,1,25
projects/projects.js,42,js,f93e996c,Eric,2026-05-02,16:31:41,-07:00,2026-05-02T16:31:41-07:00,2,13
projects/projects.js,43,js,f93e996c,Eric,2026-05-02,16:31:41,-07:00,2026-05-02T16:31:41-07:00,2,15
projects/projects.js,44,js,e45207f3,Eric,2026-05-02,15:56:36,-07:00,2026-05-02T15:56:36-07:00,0,0
projects/projects.js,45,js,f93e996c,Eric,2026-05-02,16:31:41,-07:00,2026-05-02T16:31:41-07:00,1,27
projects/projects.js,46,js,f93e996c,Eric,2026-05-02,16:31:41,-07:00,2026-05-02T16:31:41-07:00,2,19
projects/projects.js,47,js,02ce61f6,Eric,2026-05-02,13:15:14,-07:00,2026-05-02T13:15:14-07:00,0,0
projects/projects.js,48,js,f93e996c,Eric,2026-05-02,16:31:41,-07:00,2026-05-02T16:31:41-07:00,1,33
projects/projects.js,49,js,5f57dc57,Eric,2026-05-02,13:31:05,-07:00,2026-05-02T13:31:05-07:00,0,0
projects/projects.js,50,js,f93e996c,Eric,2026-05-02,16:31:41,-07:00,2026-05-02T16:31:41-07:00,1,47
projects/projects.js,51,js,5f57dc57,Eric,2026-05-02,13:31:05,-07:00,2026-05-02T13:31:05-07:00,0,0
projects/projects.js,52,js,f93e996c,Eric,2026-05-02,16:31:41,-07:00,2026-05-02T16:31:41-07:00,1,40
projects/projects.js,53,js,f93e996c,Eric,2026-05-02,16:31:41,-07:00,2026-05-02T16:31:41-07:00,1,29
projects/projects.js,54,js,1d8b6734,Eric,2026-05-02,14:22:13,-07:00,2026-05-02T14:22:13-07:00,0,0
projects/projects.js,55,js,f93e996c,Eric,2026-05-02,16:31:41,-07:00,2026-05-02T16:31:41-07:00,1,32
projects/projects.js,56,js,f93e996c,Eric,2026-05-02,16:31:41,-07:00,2026-05-02T16:31:41-07:00,1,30
projects/projects.js,57,js,fbc4f750,Eric,2026-05-02,13:44:19,-07:00,2026-05-02T13:44:19-07:00,0,0
projects/projects.js,58,js,65e49256,Eric,2026-05-02,16:53:27,-07:00,2026-05-02T16:53:27-07:00,1,1
projects/projects.js,59,js,3ccb7840,Eric,2026-05-02,17:51:19,-07:00,2026-05-02T17:51:19-07:00,2,16
projects/projects.js,60,js,3ccb7840,Eric,2026-05-02,17:51:19,-07:00,2026-05-02T17:51:19-07:00,2,12
projects/projects.js,61,js,3ccb7840,Eric,2026-05-02,17:51:19,-07:00,2026-05-02T17:51:19-07:00,2,11
projects/projects.js,62,js,3ccb7840,Eric,2026-05-02,17:51:19,-07:00,2026-05-02T17:51:19-07:00,2,22
projects/projects.js,63,js,3ccb7840,Eric,2026-05-02,17:51:19,-07:00,2026-05-02T17:51:19-07:00,2,32
projects/projects.js,64,js,3ccb7840,Eric,2026-05-02,17:51:19,-07:00,2026-05-02T17:51:19-07:00,2,68
projects/projects.js,65,js,3ccb7840,Eric,2026-05-02,17:51:19,-07:00,2026-05-02T17:51:19-07:00,2,26
projects/projects.js,66,js,3ccb7840,Eric,2026-05-02,17:51:19,-07:00,2026-05-02T17:51:19-07:00,3,65
projects/projects.js,67,js,3ccb7840,Eric,2026-05-02,17:51:19,-07:00,2026-05-02T17:51:19-07:00,3,15
projects/projects.js,68,js,aac48d1c,Eric,2026-05-02,17:13:05,-07:00,2026-05-02T17:13:05-07:00,2,1
projects/projects.js,69,js,65e49256,Eric,2026-05-02,16:53:27,-07:00,2026-05-02T16:53:27-07:00,0,0
projects/projects.js,70,js,65e49256,Eric,2026-05-02,16:53:27,-07:00,2026-05-02T16:53:27-07:00,1,4
projects/projects.js,71,js,3ccb7840,Eric,2026-05-02,17:51:19,-07:00,2026-05-02T17:51:19-07:00,2,14
projects/projects.js,72,js,3ccb7840,Eric,2026-05-02,17:51:19,-07:00,2026-05-02T17:51:19-07:00,2,9
projects/projects.js,73,js,3ccb7840,Eric,2026-05-02,17:51:19,-07:00,2026-05-02T17:51:19-07:00,2,9
projects/projects.js,74,js,3ccb7840,Eric,2026-05-02,17:51:19,-07:00,2026-05-02T17:51:19-07:00,2,50
projects/projects.js,75,js,3ccb7840,Eric,2026-05-02,17:51:19,-07:00,2026-05-02T17:51:19-07:00,2,19
projects/projects.js,76,js,3ccb7840,Eric,2026-05-02,17:51:19,-07:00,2026-05-02T17:51:19-07:00,3,63
projects/projects.js,77,js,3ccb7840,Eric,2026-05-02,17:51:19,-07:00,2026-05-02T17:51:19-07:00,2,0
projects/projects.js,78,js,3ccb7840,Eric,2026-05-02,17:51:19,-07:00,2026-05-02T17:51:19-07:00,2,76
projects/projects.js,79,js,aac48d1c,Eric,2026-05-02,17:13:05,-07:00,2026-05-02T17:13:05-07:00,0,0
projects/projects.js,80,js,5f57dc57,Eric,2026-05-02,13:31:05,-07:00,2026-05-02T13:31:05-07:00,0,0
projects/projects.js,81,js,f93e996c,Eric,2026-05-02,16:31:41,-07:00,2026-05-02T16:31:41-07:00,0,48
projects/projects.js,82,js,f93e996c,Eric,2026-05-02,16:31:41,-07:00,2026-05-02T16:31:41-07:00,1,25
projects/projects.js,83,js,3ccb7840,Eric,2026-05-02,17:51:19,-07:00,2026-05-02T17:51:19-07:00,1,15
projects/projects.js,84,js,3ccb7840,Eric,2026-05-02,17:51:19,-07:00,2026-05-02T17:51:19-07:00,0,1
projects/projects.js,85,js,aaa67626,Eric,2026-05-02,13:39:48,-07:00,2026-05-02T13:39:48-07:00,0,0
projects/projects.js,86,js,3ccb7840,Eric,2026-05-02,17:51:19,-07:00,2026-05-02T17:51:19-07:00,0,15
projects/projects.js,87,js,3ccb7840,Eric,2026-05-02,17:51:19,-07:00,2026-05-02T17:51:19-07:00,0,66
projects/projects.js,88,js,7037d313,Eric,2026-05-02,13:49:17,-07:00,2026-05-02T13:49:17-07:00,0,0
projects/projects.js,89,js,3ccb7840,Eric,2026-05-02,17:51:19,-07:00,2026-05-02T17:51:19-07:00,0,58
projects/projects.js,90,js,7037d313,Eric,2026-05-02,13:49:17,-07:00,2026-05-02T13:49:17-07:00,0,0
projects/projects.js,91,js,3ccb7840,Eric,2026-05-02,17:51:19,-07:00,2026-05-02T17:51:19-07:00,0,58
projects/projects.js,92,js,3ccb7840,Eric,2026-05-02,17:51:19,-07:00,2026-05-02T17:51:19-07:00,0,0
projects/projects.js,93,js,3ccb7840,Eric,2026-05-02,17:51:19,-07:00,2026-05-02T17:51:19-07:00,0,63
projects/projects.js,94,js,3ccb7840,Eric,2026-05-02,17:51:19,-07:00,2026-05-02T17:51:19-07:00,0,0
projects/projects.js,95,js,3ccb7840,Eric,2026-05-02,17:51:19,-07:00,2026-05-02T17:51:19-07:00,0,51
projects/projects.js,96,js,3ccb7840,Eric,2026-05-02,17:51:19,-07:00,2026-05-02T17:51:19-07:00,0,0
projects/projects.js,97,js,3ccb7840,Eric,2026-05-02,17:51:19,-07:00,2026-05-02T17:51:19-07:00,0,65
projects/projects.js,98,js,3ccb7840,Eric,2026-05-02,17:51:19,-07:00,2026-05-02T17:51:19-07:00,0,0
projects/projects.js,99,js,3ccb7840,Eric,2026-05-02,17:51:19,-07:00,2026-05-02T17:51:19-07:00,0,16
projects/projects.js,100,js,3ccb7840,Eric,2026-05-02,17:51:19,-07:00,2026-05-02T17:51:19-07:00,0,0
projects/projects.js,101,js,3ccb7840,Eric,2026-05-02,17:51:19,-07:00,2026-05-02T17:51:19-07:00,0,24
projects/projects.js,102,js,3ccb7840,Eric,2026-05-02,17:51:19,-07:00,2026-05-02T17:51:19-07:00,0,0
projects/projects.js,103,js,3ccb7840,Eric,2026-05-02,17:51:19,-07:00,2026-05-02T17:51:19-07:00,0,61
projects/projects.js,104,js,3ccb7840,Eric,2026-05-02,17:51:19,-07:00,2026-05-02T17:51:19-07:00,0,0
projects/projects.js,105,js,3ccb7840,Eric,2026-05-02,17:51:19,-07:00,2026-05-02T17:51:19-07:00,0,41
projects/projects.js,106,js,3ccb7840,Eric,2026-05-02,17:51:19,-07:00,2026-05-02T17:51:19-07:00,0,31
projects/projects.js,107,js,3ccb7840,Eric,2026-05-02,17:51:19,-07:00,2026-05-02T17:51:19-07:00,0,19
projects/projects.js,108,js,3ccb7840,Eric,2026-05-02,17:51:19,-07:00,2026-05-02T17:51:19-07:00,0,21
projects/projects.js,109,js,3ccb7840,Eric,2026-05-02,17:51:19,-07:00,2026-05-02T17:51:19-07:00,0,19
projects/projects.js,110,js,3ccb7840,Eric,2026-05-02,17:51:19,-07:00,2026-05-02T17:51:19-07:00,0,5
projects/projects.js,111,js,3ccb7840,Eric,2026-05-02,17:51:19,-07:00,2026-05-02T17:51:19-07:00,0,0
projects/projects.js,112,js,3ccb7840,Eric,2026-05-02,17:51:19,-07:00,2026-05-02T17:51:19-07:00,0,49
projects/projects.js,113,js,3ccb7840,Eric,2026-05-02,17:51:19,-07:00,2026-05-02T17:51:19-07:00,0,42
projects/projects.js,114,js,3ccb7840,Eric,2026-05-02,17:51:19,-07:00,2026-05-02T17:51:19-07:00,0,6
projects/projects.js,115,js,3ccb7840,Eric,2026-05-02,17:51:19,-07:00,2026-05-02T17:51:19-07:00,0,0
projects/projects.js,116,js,3ccb7840,Eric,2026-05-02,17:51:19,-07:00,2026-05-02T17:51:19-07:00,0,30
projects/projects.js,117,js,3ccb7840,Eric,2026-05-02,17:51:19,-07:00,2026-05-02T17:51:19-07:00,0,20
projects/projects.js,118,js,3ccb7840,Eric,2026-05-02,17:51:19,-07:00,2026-05-02T17:51:19-07:00,0,22
projects/projects.js,119,js,3ccb7840,Eric,2026-05-02,17:51:19,-07:00,2026-05-02T17:51:19-07:00,0,0
projects/projects.js,120,js,3ccb7840,Eric,2026-05-02,17:51:19,-07:00,2026-05-02T17:51:19-07:00,0,32
projects/projects.js,121,js,3ccb7840,Eric,2026-05-02,17:51:19,-07:00,2026-05-02T17:51:19-07:00,0,26
projects/projects.js,122,js,3ccb7840,Eric,2026-05-02,17:51:19,-07:00,2026-05-02T17:51:19-07:00,0,0
projects/projects.js,123,js,3ccb7840,Eric,2026-05-02,17:51:19,-07:00,2026-05-02T17:51:19-07:00,0,38
projects/projects.js,124,js,3ccb7840,Eric,2026-05-02,17:51:19,-07:00,2026-05-02T17:51:19-07:00,0,48
projects/projects.js,125,js,3ccb7840,Eric,2026-05-02,17:51:19,-07:00,2026-05-02T17:51:19-07:00,0,0
projects/projects.js,126,js,3ccb7840,Eric,2026-05-02,17:51:19,-07:00,2026-05-02T17:51:19-07:00,0,52
projects/projects.js,127,js,3ccb7840,Eric,2026-05-02,17:51:19,-07:00,2026-05-02T17:51:19-07:00,0,0
projects/projects.js,128,js,3ccb7840,Eric,2026-05-02,17:51:19,-07:00,2026-05-02T17:51:19-07:00,0,45
projects/projects.js,129,js,3ccb7840,Eric,2026-05-02,17:51:19,-07:00,2026-05-02T17:51:19-07:00,0,34
projects/projects.js,130,js,3ccb7840,Eric,2026-05-02,17:51:19,-07:00,2026-05-02T17:51:19-07:00,0,0
projects/projects.js,131,js,3ccb7840,Eric,2026-05-02,17:51:19,-07:00,2026-05-02T17:51:19-07:00,0,37
projects/projects.js,132,js,3ccb7840,Eric,2026-05-02,17:51:19,-07:00,2026-05-02T17:51:19-07:00,0,35
projects/projects.js,133,js,3ccb7840,Eric,2026-05-02,17:51:19,-07:00,2026-05-02T17:51:19-07:00,0,0
projects/projects.js,134,js,3ccb7840,Eric,2026-05-02,17:51:19,-07:00,2026-05-02T17:51:19-07:00,0,29
projects/projects.js,135,js,3ccb7840,Eric,2026-05-02,17:51:19,-07:00,2026-05-02T17:51:19-07:00,0,6
projects/projects.js,136,js,3ccb7840,Eric,2026-05-02,17:51:19,-07:00,2026-05-02T17:51:19-07:00,0,20
projects/projects.js,137,js,3ccb7840,Eric,2026-05-02,17:51:19,-07:00,2026-05-02T17:51:19-07:00,0,20
projects/projects.js,138,js,3ccb7840,Eric,2026-05-02,17:51:19,-07:00,2026-05-02T17:51:19-07:00,0,29
projects/projects.js,139,js,3ccb7840,Eric,2026-05-02,17:51:19,-07:00,2026-05-02T17:51:19-07:00,0,58
projects/projects.js,140,js,3ccb7840,Eric,2026-05-02,17:51:19,-07:00,2026-05-02T17:51:19-07:00,0,25
projects/projects.js,141,js,3ccb7840,Eric,2026-05-02,17:51:19,-07:00,2026-05-02T17:51:19-07:00,0,52
projects/projects.js,142,js,3ccb7840,Eric,2026-05-02,17:51:19,-07:00,2026-05-02T17:51:19-07:00,0,0
projects/projects.js,143,js,3ccb7840,Eric,2026-05-02,17:51:19,-07:00,2026-05-02T17:51:19-07:00,0,10
projects/projects.js,144,js,3ccb7840,Eric,2026-05-02,17:51:19,-07:00,2026-05-02T17:51:19-07:00,0,27
projects/projects.js,145,js,3ccb7840,Eric,2026-05-02,17:51:19,-07:00,2026-05-02T17:51:19-07:00,0,77
projects/projects.js,146,js,3ccb7840,Eric,2026-05-02,17:51:19,-07:00,2026-05-02T17:51:19-07:00,0,0
projects/projects.js,147,js,3ccb7840,Eric,2026-05-02,17:51:19,-07:00,2026-05-02T17:51:19-07:00,0,13
projects/projects.js,148,js,3ccb7840,Eric,2026-05-02,17:51:19,-07:00,2026-05-02T17:51:19-07:00,0,25
projects/projects.js,149,js,3ccb7840,Eric,2026-05-02,17:51:19,-07:00,2026-05-02T17:51:19-07:00,0,35
projects/projects.js,150,js,3ccb7840,Eric,2026-05-02,17:51:19,-07:00,2026-05-02T17:51:19-07:00,0,73
projects/projects.js,151,js,3ccb7840,Eric,2026-05-02,17:51:19,-07:00,2026-05-02T17:51:19-07:00,0,11
projects/projects.js,152,js,3ccb7840,Eric,2026-05-02,17:51:19,-07:00,2026-05-02T17:51:19-07:00,0,36
projects/projects.js,153,js,3ccb7840,Eric,2026-05-02,17:51:19,-07:00,2026-05-02T17:51:19-07:00,0,55
projects/projects.js,154,js,3ccb7840,Eric,2026-05-02,17:51:19,-07:00,2026-05-02T17:51:19-07:00,0,65
projects/projects.js,155,js,3ccb7840,Eric,2026-05-02,17:51:19,-07:00,2026-05-02T17:51:19-07:00,0,11
projects/projects.js,156,js,3ccb7840,Eric,2026-05-02,17:51:19,-07:00,2026-05-02T17:51:19-07:00,0,50
projects/projects.js,157,js,3ccb7840,Eric,2026-05-02,17:51:19,-07:00,2026-05-02T17:51:19-07:00,0,0
projects/projects.js,158,js,3ccb7840,Eric,2026-05-02,17:51:19,-07:00,2026-05-02T17:51:19-07:00,0,56
projects/projects.js,159,js,3ccb7840,Eric,2026-05-02,17:51:19,-07:00,2026-05-02T17:51:19-07:00,0,36
projects/projects.js,160,js,3ccb7840,Eric,2026-05-02,17:51:19,-07:00,2026-05-02T17:51:19-07:00,0,7
projects/projects.js,161,js,3ccb7840,Eric,2026-05-02,17:51:19,-07:00,2026-05-02T17:51:19-07:00,0,0
projects/projects.js,162,js,3ccb7840,Eric,2026-05-02,17:51:19,-07:00,2026-05-02T17:51:19-07:00,0,63
projects/projects.js,163,js,3ccb7840,Eric,2026-05-02,17:51:19,-07:00,2026-05-02T17:51:19-07:00,0,73
projects/projects.js,164,js,3ccb7840,Eric,2026-05-02,17:51:19,-07:00,2026-05-02T17:51:19-07:00,0,4
projects/projects.js,165,js,3ccb7840,Eric,2026-05-02,17:51:19,-07:00,2026-05-02T17:51:19-07:00,0,8
projects/projects.js,166,js,3ccb7840,Eric,2026-05-02,17:51:19,-07:00,2026-05-02T17:51:19-07:00,0,4
projects/projects.js,167,js,3ccb7840,Eric,2026-05-02,17:51:19,-07:00,2026-05-02T17:51:19-07:00,0,0
projects/projects.js,168,js,3ccb7840,Eric,2026-05-02,17:51:19,-07:00,2026-05-02T17:51:19-07:00,0,27
projects/projects.js,169,js,3ccb7840,Eric,2026-05-02,17:51:19,-07:00,2026-05-02T17:51:19-07:00,0,9
projects/projects.js,170,js,3ccb7840,Eric,2026-05-02,17:51:19,-07:00,2026-05-02T17:51:19-07:00,0,18
projects/projects.js,171,js,3ccb7840,Eric,2026-05-02,17:51:19,-07:00,2026-05-02T17:51:19-07:00,0,45
projects/projects.js,172,js,3ccb7840,Eric,2026-05-02,17:51:19,-07:00,2026-05-02T17:51:19-07:00,0,83
projects/projects.js,173,js,3ccb7840,Eric,2026-05-02,17:51:19,-07:00,2026-05-02T17:51:19-07:00,0,76
projects/projects.js,174,js,3ccb7840,Eric,2026-05-02,17:51:19,-07:00,2026-05-02T17:51:19-07:00,0,4
projects/projects.js,175,js,3ccb7840,Eric,2026-05-02,17:51:19,-07:00,2026-05-02T17:51:19-07:00,0,2
projects/projects.js,176,js,3ccb7840,Eric,2026-05-02,17:51:19,-07:00,2026-05-02T17:51:19-07:00,0,0
projects/projects.js,177,js,3ccb7840,Eric,2026-05-02,17:51:19,-07:00,2026-05-02T17:51:19-07:00,0,26
projects/projects.js,178,js,3ccb7840,Eric,2026-05-02,17:51:19,-07:00,2026-05-02T17:51:19-07:00,0,0
projects/projects.js,179,js,3ccb7840,Eric,2026-05-02,17:51:19,-07:00,2026-05-02T17:51:19-07:00,0,56
projects/projects.js,180,js,3ccb7840,Eric,2026-05-02,17:51:19,-07:00,2026-05-02T17:51:19-07:00,0,0
projects/projects.js,181,js,3ccb7840,Eric,2026-05-02,17:51:19,-07:00,2026-05-02T17:51:19-07:00,0,51
projects/projects.js,182,js,3ccb7840,Eric,2026-05-02,17:51:19,-07:00,2026-05-02T17:51:19-07:00,0,30
projects/projects.js,183,js,3ccb7840,Eric,2026-05-02,17:51:19,-07:00,2026-05-02T17:51:19-07:00,0,0
projects/projects.js,184,js,3ccb7840,Eric,2026-05-02,17:51:19,-07:00,2026-05-02T17:51:19-07:00,0,56
projects/projects.js,185,js,3ccb7840,Eric,2026-05-02,17:51:19,-07:00,2026-05-02T17:51:19-07:00,0,66
projects/projects.js,186,js,3ccb7840,Eric,2026-05-02,17:51:19,-07:00,2026-05-02T17:51:19-07:00,0,49
projects/projects.js,187,js,3ccb7840,Eric,2026-05-02,17:51:19,-07:00,2026-05-02T17:51:19-07:00,0,6
projects/projects.js,188,js,3ccb7840,Eric,2026-05-02,17:51:19,-07:00,2026-05-02T17:51:19-07:00,0,0
projects/projects.js,189,js,3ccb7840,Eric,2026-05-02,17:51:19,-07:00,2026-05-02T17:51:19-07:00,0,61
projects/projects.js,190,js,3ccb7840,Eric,2026-05-02,17:51:19,-07:00,2026-05-02T17:51:19-07:00,0,36
projects/projects.js,191,js,3ccb7840,Eric,2026-05-02,17:51:19,-07:00,2026-05-02T17:51:19-07:00,0,0
projects/projects.js,192,js,3ccb7840,Eric,2026-05-02,17:51:19,-07:00,2026-05-02T17:51:19-07:00,0,71
projects/projects.js,193,js,3ccb7840,Eric,2026-05-02,17:51:19,-07:00,2026-05-02T17:51:19-07:00,0,4
projects/index.html,1,html,f39195cf,Eric,2026-04-02,18:11:23,-07:00,2026-04-02T18:11:23-07:00,0,13
projects/index.html,2,html,f39195cf,Eric,2026-04-02,18:11:23,-07:00,2026-04-02T18:11:23-07:00,0,4
projects/index.html,3,html,f39195cf,Eric,2026-04-02,18:11:23,-07:00,2026-04-02T18:11:23-07:00,0,4
projects/index.html,4,html,f39195cf,Eric,2026-04-02,18:11:23,-07:00,2026-04-02T18:11:23-07:00,1,21
projects/index.html,5,html,cd676677,Eric,2026-04-03,15:08:20,-07:00,2026-04-03T15:08:20-07:00,1,41
projects/index.html,6,html,f39195cf,Eric,2026-04-02,18:11:23,-07:00,2026-04-02T18:11:23-07:00,0,5
projects/index.html,7,html,f39195cf,Eric,2026-04-02,18:11:23,-07:00,2026-04-02T18:11:23-07:00,0,4
projects/index.html,8,html,4095c1c2,Eric,2026-04-25,13:46:35,-07:00,2026-04-25T13:46:35-07:00,1,38
projects/index.html,9,html,9c7915b9,Eric,2026-05-02,13:55:54,-07:00,2026-05-02T13:55:54-07:00,1,21
projects/index.html,10,html,9c7915b9,Eric,2026-05-02,13:55:54,-07:00,2026-05-02T13:55:54-07:00,1,58
projects/index.html,11,html,9c7915b9,Eric,2026-05-02,13:55:54,-07:00,2026-05-02T13:55:54-07:00,0,0
projects/index.html,12,html,9c7915b9,Eric,2026-05-02,13:55:54,-07:00,2026-05-02T13:55:54-07:00,1,22
projects/index.html,13,html,9c7915b9,Eric,2026-05-02,13:55:54,-07:00,2026-05-02T13:55:54-07:00,0,4
projects/index.html,14,html,e45207f3,Eric,2026-05-02,15:56:36,-07:00,2026-05-02T15:56:36-07:00,0,4
projects/index.html,15,html,e45207f3,Eric,2026-05-02,15:56:36,-07:00,2026-05-02T15:56:36-07:00,1,15
projects/index.html,16,html,e45207f3,Eric,2026-05-02,15:56:36,-07:00,2026-05-02T15:56:36-07:00,1,11
projects/index.html,17,html,e45207f3,Eric,2026-05-02,15:56:36,-07:00,2026-05-02T15:56:36-07:00,1,26
projects/index.html,18,html,e45207f3,Eric,2026-05-02,15:56:36,-07:00,2026-05-02T15:56:36-07:00,1,31
projects/index.html,19,html,e45207f3,Eric,2026-05-02,15:56:36,-07:00,2026-05-02T15:56:36-07:00,0,0
projects/index.html,20,html,333ade75,Eric,2026-04-10,17:04:17,-07:00,2026-04-10T17:04:17-07:00,1,20
projects/index.html,21,html,0e0fa370,Eric,2026-04-25,13:38:01,-07:00,2026-04-25T13:38:01-07:00,2,12
projects/index.html,22,html,333ade75,Eric,2026-04-10,17:04:17,-07:00,2026-04-10T17:04:17-07:00,3,29
projects/index.html,23,html,333ade75,Eric,2026-04-10,17:04:17,-07:00,2026-04-10T17:04:17-07:00,3,70
projects/index.html,24,html,333ade75,Eric,2026-04-10,17:04:17,-07:00,2026-04-10T17:04:17-07:00,3,207
projects/index.html,25,html,333ade75,Eric,2026-04-10,17:04:17,-07:00,2026-04-10T17:04:17-07:00,2,8
projects/index.html,26,html,333ade75,Eric,2026-04-10,17:04:17,-07:00,2026-04-10T17:04:17-07:00,2,7
projects/index.html,27,html,333ade75,Eric,2026-04-10,17:04:17,-07:00,2026-04-10T17:04:17-07:00,3,37
projects/index.html,28,html,333ade75,Eric,2026-04-10,17:04:17,-07:00,2026-04-10T17:04:17-07:00,3,70
projects/index.html,29,html,333ade75,Eric,2026-04-10,17:04:17,-07:00,2026-04-10T17:04:17-07:00,3,234
projects/index.html,30,html,333ade75,Eric,2026-04-10,17:04:17,-07:00,2026-04-10T17:04:17-07:00,2,8
projects/index.html,31,html,333ade75,Eric,2026-04-10,17:04:17,-07:00,2026-04-10T17:04:17-07:00,2,7
projects/index.html,32,html,333ade75,Eric,2026-04-10,17:04:17,-07:00,2026-04-10T17:04:17-07:00,3,39
projects/index.html,33,html,333ade75,Eric,2026-04-10,17:04:17,-07:00,2026-04-10T17:04:17-07:00,3,70
projects/index.html,34,html,333ade75,Eric,2026-04-10,17:04:17,-07:00,2026-04-10T17:04:17-07:00,3,200
projects/index.html,35,html,333ade75,Eric,2026-04-10,17:04:17,-07:00,2026-04-10T17:04:17-07:00,2,8
projects/index.html,36,html,333ade75,Eric,2026-04-10,17:04:17,-07:00,2026-04-10T17:04:17-07:00,2,7
projects/index.html,37,html,333ade75,Eric,2026-04-10,17:04:17,-07:00,2026-04-10T17:04:17-07:00,3,48
projects/index.html,38,html,333ade75,Eric,2026-04-10,17:04:17,-07:00,2026-04-10T17:04:17-07:00,3,70
projects/index.html,39,html,333ade75,Eric,2026-04-10,17:04:17,-07:00,2026-04-10T17:04:17-07:00,3,229
projects/index.html,40,html,333ade75,Eric,2026-04-10,17:04:17,-07:00,2026-04-10T17:04:17-07:00,2,8
projects/index.html,41,html,333ade75,Eric,2026-04-10,17:04:17,-07:00,2026-04-10T17:04:17-07:00,2,7
projects/index.html,42,html,333ade75,Eric,2026-04-10,17:04:17,-07:00,2026-04-10T17:04:17-07:00,3,36
projects/index.html,43,html,333ade75,Eric,2026-04-10,17:04:17,-07:00,2026-04-10T17:04:17-07:00,3,70
projects/index.html,44,html,333ade75,Eric,2026-04-10,17:04:17,-07:00,2026-04-10T17:04:17-07:00,3,204
projects/index.html,45,html,333ade75,Eric,2026-04-10,17:04:17,-07:00,2026-04-10T17:04:17-07:00,2,8
projects/index.html,46,html,333ade75,Eric,2026-04-10,17:04:17,-07:00,2026-04-10T17:04:17-07:00,2,7
projects/index.html,47,html,333ade75,Eric,2026-04-10,17:04:17,-07:00,2026-04-10T17:04:17-07:00,3,42
projects/index.html,48,html,333ade75,Eric,2026-04-10,17:04:17,-07:00,2026-04-10T17:04:17-07:00,3,70
projects/index.html,49,html,333ade75,Eric,2026-04-10,17:04:17,-07:00,2026-04-10T17:04:17-07:00,3,233
projects/index.html,50,html,333ade75,Eric,2026-04-10,17:04:17,-07:00,2026-04-10T17:04:17-07:00,2,8
projects/index.html,51,html,333ade75,Eric,2026-04-10,17:04:17,-07:00,2026-04-10T17:04:17-07:00,2,7
projects/index.html,52,html,333ade75,Eric,2026-04-10,17:04:17,-07:00,2026-04-10T17:04:17-07:00,3,35
projects/index.html,53,html,333ade75,Eric,2026-04-10,17:04:17,-07:00,2026-04-10T17:04:17-07:00,3,70
projects/index.html,54,html,333ade75,Eric,2026-04-10,17:04:17,-07:00,2026-04-10T17:04:17-07:00,3,250
projects/index.html,55,html,333ade75,Eric,2026-04-10,17:04:17,-07:00,2026-04-10T17:04:17-07:00,2,8
projects/index.html,56,html,333ade75,Eric,2026-04-10,17:04:17,-07:00,2026-04-10T17:04:17-07:00,2,7
projects/index.html,57,html,333ade75,Eric,2026-04-10,17:04:17,-07:00,2026-04-10T17:04:17-07:00,3,41
projects/index.html,58,html,333ade75,Eric,2026-04-10,17:04:17,-07:00,2026-04-10T17:04:17-07:00,3,70
projects/index.html,59,html,333ade75,Eric,2026-04-10,17:04:17,-07:00,2026-04-10T17:04:17-07:00,3,243
projects/index.html,60,html,333ade75,Eric,2026-04-10,17:04:17,-07:00,2026-04-10T17:04:17-07:00,2,8
projects/index.html,61,html,333ade75,Eric,2026-04-10,17:04:17,-07:00,2026-04-10T17:04:17-07:00,2,7
projects/index.html,62,html,333ade75,Eric,2026-04-10,17:04:17,-07:00,2026-04-10T17:04:17-07:00,3,34
projects/index.html,63,html,333ade75,Eric,2026-04-10,17:04:17,-07:00,2026-04-10T17:04:17-07:00,3,70
projects/index.html,64,html,333ade75,Eric,2026-04-10,17:04:17,-07:00,2026-04-10T17:04:17-07:00,3,242
projects/index.html,65,html,333ade75,Eric,2026-04-10,17:04:17,-07:00,2026-04-10T17:04:17-07:00,2,8
projects/index.html,66,html,333ade75,Eric,2026-04-10,17:04:17,-07:00,2026-04-10T17:04:17-07:00,2,7
projects/index.html,67,html,333ade75,Eric,2026-04-10,17:04:17,-07:00,2026-04-10T17:04:17-07:00,3,35
projects/index.html,68,html,333ade75,Eric,2026-04-10,17:04:17,-07:00,2026-04-10T17:04:17-07:00,3,70
projects/index.html,69,html,333ade75,Eric,2026-04-10,17:04:17,-07:00,2026-04-10T17:04:17-07:00,3,236
projects/index.html,70,html,333ade75,Eric,2026-04-10,17:04:17,-07:00,2026-04-10T17:04:17-07:00,2,8
projects/index.html,71,html,333ade75,Eric,2026-04-10,17:04:17,-07:00,2026-04-10T17:04:17-07:00,2,7
projects/index.html,72,html,333ade75,Eric,2026-04-10,17:04:17,-07:00,2026-04-10T17:04:17-07:00,3,35
projects/index.html,73,html,333ade75,Eric,2026-04-10,17:04:17,-07:00,2026-04-10T17:04:17-07:00,3,70
projects/index.html,74,html,333ade75,Eric,2026-04-10,17:04:17,-07:00,2026-04-10T17:04:17-07:00,3,238
projects/index.html,75,html,333ade75,Eric,2026-04-10,17:04:17,-07:00,2026-04-10T17:04:17-07:00,2,8
projects/index.html,76,html,333ade75,Eric,2026-04-10,17:04:17,-07:00,2026-04-10T17:04:17-07:00,2,7
projects/index.html,77,html,333ade75,Eric,2026-04-10,17:04:17,-07:00,2026-04-10T17:04:17-07:00,3,44
projects/index.html,78,html,333ade75,Eric,2026-04-10,17:04:17,-07:00,2026-04-10T17:04:17-07:00,3,70
projects/index.html,79,html,333ade75,Eric,2026-04-10,17:04:17,-07:00,2026-04-10T17:04:17-07:00,3,256
projects/index.html,80,html,0e0fa370,Eric,2026-04-25,13:38:01,-07:00,2026-04-25T13:38:01-07:00,2,12
projects/index.html,81,html,333ade75,Eric,2026-04-10,17:04:17,-07:00,2026-04-10T17:04:17-07:00,1,4
projects/index.html,82,html,46e54619,Eric,2026-04-16,17:29:45,-07:00,2026-04-16T17:29:45-07:00,0,48
projects/index.html,83,html,0e0fa370,Eric,2026-04-25,13:38:01,-07:00,2026-04-25T13:38:01-07:00,0,47
projects/index.html,84,html,f39195cf,Eric,2026-04-02,18:11:23,-07:00,2026-04-02T18:11:23-07:00,0,5
projects/index.html,85,html,f39195cf,Eric,2026-04-02,18:11:23,-07:00,2026-04-02T18:11:23-07:00,0,5
meta/index.html,1,html,765b0289,Eric,2026-05-07,14:04:50,-07:00,2026-05-07T14:04:50-07:00,0,13
meta/index.html,2,html,765b0289,Eric,2026-05-07,14:04:50,-07:00,2026-05-07T14:04:50-07:00,0,14
meta/index.html,3,html,765b0289,Eric,2026-05-07,14:04:50,-07:00,2026-05-07T14:04:50-07:00,0,4
meta/index.html,4,html,765b0289,Eric,2026-05-07,14:04:50,-07:00,2026-05-07T14:04:50-07:00,1,22
meta/index.html,5,html,765b0289,Eric,2026-05-07,14:04:50,-07:00,2026-05-07T14:04:50-07:00,1,70
meta/index.html,6,html,765b0289,Eric,2026-05-07,14:04:50,-07:00,2026-05-07T14:04:50-07:00,1,17
meta/index.html,7,html,765b0289,Eric,2026-05-07,14:04:50,-07:00,2026-05-07T14:04:50-07:00,1,43
meta/index.html,8,html,765b0289,Eric,2026-05-07,14:04:50,-07:00,2026-05-07T14:04:50-07:00,1,48
meta/index.html,9,html,765b0289,Eric,2026-05-07,14:04:50,-07:00,2026-05-07T14:04:50-07:00,0,5
meta/index.html,10,html,765b0289,Eric,2026-05-07,14:04:50,-07:00,2026-05-07T14:04:50-07:00,0,4
meta/index.html,11,html,765b0289,Eric,2026-05-07,14:04:50,-07:00,2026-05-07T14:04:50-07:00,0,0
meta/index.html,12,html,765b0289,Eric,2026-05-07,14:04:50,-07:00,2026-05-07T14:04:50-07:00,1,11
meta/index.html,13,html,765b0289,Eric,2026-05-07,14:04:50,-07:00,2026-05-07T14:04:50-07:00,0,0
meta/index.html,14,html,765b0289,Eric,2026-05-07,14:04:50,-07:00,2026-05-07T14:04:50-07:00,1,1
meta/index.html,15,html,765b0289,Eric,2026-05-07,14:04:50,-07:00,2026-05-07T14:04:50-07:00,2,69
meta/index.html,16,html,765b0289,Eric,2026-05-07,14:04:50,-07:00,2026-05-07T14:04:50-07:00,1,2
meta/index.html,17,html,765b0289,Eric,2026-05-07,14:04:50,-07:00,2026-05-07T14:04:50-07:00,0,0
meta/index.html,18,html,765b0289,Eric,2026-05-07,14:04:50,-07:00,2026-05-07T14:04:50-07:00,0,5
meta/index.html,19,html,765b0289,Eric,2026-05-07,14:04:50,-07:00,2026-05-07T14:04:50-07:00,0,5
contact/index.html,1,html,f39195cf,Eric,2026-04-02,18:11:23,-07:00,2026-04-02T18:11:23-07:00,0,13
contact/index.html,2,html,f39195cf,Eric,2026-04-02,18:11:23,-07:00,2026-04-02T18:11:23-07:00,0,4
contact/index.html,3,html,f39195cf,Eric,2026-04-02,18:11:23,-07:00,2026-04-02T18:11:23-07:00,0,4
contact/index.html,4,html,f39195cf,Eric,2026-04-02,18:11:23,-07:00,2026-04-02T18:11:23-07:00,1,20
contact/index.html,5,html,cd676677,Eric,2026-04-03,15:08:20,-07:00,2026-04-03T15:08:20-07:00,1,41
contact/index.html,6,html,f39195cf,Eric,2026-04-02,18:11:23,-07:00,2026-04-02T18:11:23-07:00,0,5
contact/index.html,7,html,f39195cf,Eric,2026-04-02,18:11:23,-07:00,2026-04-02T18:11:23-07:00,0,4
contact/index.html,8,html,f39195cf,Eric,2026-04-02,18:11:23,-07:00,2026-04-02T18:11:23-07:00,1,14
contact/index.html,9,html,6b91065e,Eric,2026-04-03,14:56:27,-07:00,2026-04-03T14:56:27-07:00,1,75
contact/index.html,10,html,6b91065e,Eric,2026-04-03,14:56:27,-07:00,2026-04-03T14:56:27-07:00,2,0
contact/index.html,11,html,6b91065e,Eric,2026-04-03,14:56:27,-07:00,2026-04-03T14:56:27-07:00,2,5
contact/index.html,12,html,6b91065e,Eric,2026-04-03,14:56:27,-07:00,2026-04-03T14:56:27-07:00,3,4
contact/index.html,13,html,6b91065e,Eric,2026-04-03,14:56:27,-07:00,2026-04-03T14:56:27-07:00,3,31
contact/index.html,14,html,6b91065e,Eric,2026-04-03,14:56:27,-07:00,2026-04-03T14:56:27-07:00,2,6
contact/index.html,15,html,6b91065e,Eric,2026-04-03,14:56:27,-07:00,2026-04-03T14:56:27-07:00,0,0
contact/index.html,16,html,6b91065e,Eric,2026-04-03,14:56:27,-07:00,2026-04-03T14:56:27-07:00,2,6
contact/index.html,17,html,6b91065e,Eric,2026-04-03,14:56:27,-07:00,2026-04-03T14:56:27-07:00,0,0
contact/index.html,18,html,6b91065e,Eric,2026-04-03,14:56:27,-07:00,2026-04-03T14:56:27-07:00,2,5
contact/index.html,19,html,6b91065e,Eric,2026-04-03,14:56:27,-07:00,2026-04-03T14:56:27-07:00,3,6
contact/index.html,20,html,6b91065e,Eric,2026-04-03,14:56:27,-07:00,2026-04-03T14:56:27-07:00,3,20
contact/index.html,21,html,6b91065e,Eric,2026-04-03,14:56:27,-07:00,2026-04-03T14:56:27-07:00,2,6
contact/index.html,22,html,6b91065e,Eric,2026-04-03,14:56:27,-07:00,2026-04-03T14:56:27-07:00,0,0
contact/index.html,23,html,6b91065e,Eric,2026-04-03,14:56:27,-07:00,2026-04-03T14:56:27-07:00,2,6
contact/index.html,24,html,6b91065e,Eric,2026-04-03,14:56:27,-07:00,2026-04-03T14:56:27-07:00,0,0
contact/index.html,25,html,6b91065e,Eric,2026-04-03,14:56:27,-07:00,2026-04-03T14:56:27-07:00,2,5
contact/index.html,26,html,6b91065e,Eric,2026-04-03,14:56:27,-07:00,2026-04-03T14:56:27-07:00,3,6
contact/index.html,27,html,6b91065e,Eric,2026-04-03,14:56:27,-07:00,2026-04-03T14:56:27-07:00,3,31
contact/index.html,28,html,6b91065e,Eric,2026-04-03,14:56:27,-07:00,2026-04-03T14:56:27-07:00,2,6
contact/index.html,29,html,6b91065e,Eric,2026-04-03,14:56:27,-07:00,2026-04-03T14:56:27-07:00,0,0
contact/index.html,30,html,6b91065e,Eric,2026-04-03,14:56:27,-07:00,2026-04-03T14:56:27-07:00,2,6
contact/index.html,31,html,6b91065e,Eric,2026-04-03,14:56:27,-07:00,2026-04-03T14:56:27-07:00,0,0
contact/index.html,32,html,6b91065e,Eric,2026-04-03,14:56:27,-07:00,2026-04-03T14:56:27-07:00,2,19
contact/index.html,33,html,6b91065e,Eric,2026-04-03,14:56:27,-07:00,2026-04-03T14:56:27-07:00,0,0
contact/index.html,34,html,6b91065e,Eric,2026-04-03,14:56:27,-07:00,2026-04-03T14:56:27-07:00,1,5
contact/index.html,35,html,46e54619,Eric,2026-04-16,17:29:45,-07:00,2026-04-16T17:29:45-07:00,0,48
contact/index.html,36,html,f39195cf,Eric,2026-04-02,18:11:23,-07:00,2026-04-02T18:11:23-07:00,0,5
contact/index.html,37,html,f39195cf,Eric,2026-04-02,18:11:23,-07:00,2026-04-02T18:11:23-07:00,0,5
